precinct,A. D. NESBIT,ABBY BROYLES,BROCK PIERCE | KARLA BALLARD,DONALD J. TRUMP | MICHAEL R. PENCE,JADE SIMMONS | CLAUDELIAH J. ROZE,JIM INHOFE,JO JORGENSEN | JEREMY SPIKE COHEN,JOAN FARR,JOSEPH R. BIDEN | KAMALA D. HARRIS,KANYE WEST | MICHELLE TIDBALL,ROBERT MURPHY,TODD HAGOPIAN,TODD HIETT
10001,2,74,0,278,3,257,5,8,65,2,8,48,284
10002,1,66,0,245,1,232,1,3,56,4,4,39,248
10003,1,31,0,113,2,106,0,2,23,0,0,25,111
10004,3,91,0,195,0,175,2,7,85,2,7,58,214
10005,3,53,1,171,0,156,2,4,46,1,3,34,169
10006,1,138,3,425,2,391,4,8,112,2,10,97,430
10007,4,163,1,434,2,391,3,10,136,6,10,96,449
10008,6,94,1,308,1,283,4,6,81,2,8,60,314
10010,0,26,1,118,0,115,1,3,26,0,3,25,116
10011,3,40,0,185,1,160,3,7,35,1,5,32,165
10012,2,61,2,378,1,353,2,8,50,0,6,44,362
10013,2,99,3,249,0,233,3,8,91,1,4,63,259
10014,5,177,0,386,4,356,4,8,156,6,10,119,405
10016,3,74,1,357,1,347,2,4,71,1,4,47,367
10017,12,124,1,561,2,513,10,10,115,1,24,99,556
10018,5,167,0,505,1,449,5,8,135,0,17,109,504
10019,10,137,1,677,1,617,11,20,104,8,15,98,671
20110,0,12,0,170,1,166,3,5,14,0,4,11,173
20120,3,15,0,175,0,172,5,3,16,1,3,15,174
20140,4,54,3,334,1,306,3,15,46,2,9,36,338
20220,1,73,1,429,2,416,9,4,64,2,13,47,448
20230,1,34,1,243,0,238,5,5,36,1,8,27,251
20310,2,39,1,284,1,276,2,3,32,3,3,16,301
20320,1,22,0,156,0,147,3,2,16,0,3,13,158
20330,1,13,0,187,1,178,1,1,8,0,3,14,182
30001,2,111,1,433,0,426,4,5,119,0,12,79,438
30002,4,61,0,350,0,342,6,2,62,1,7,48,348
30003,2,94,1,259,1,255,5,3,95,0,4,64,263
30006,1,51,0,256,0,249,1,1,50,0,3,30,253
30007,0,80,1,394,0,380,5,7,75,0,2,50,389
30008,5,96,0,693,0,662,4,12,88,5,10,79,670
30009,1,67,1,433,1,412,3,2,62,0,12,49,414
30010,2,13,0,138,0,129,0,3,11,0,1,8,138
30011,5,123,0,743,1,707,10,10,116,2,17,100,724
30012,5,37,1,329,1,310,1,5,32,0,4,30,313
30013,1,38,0,296,0,289,6,2,34,0,6,26,289
30014,3,8,1,117,0,110,3,0,5,0,2,8,110
30015,0,18,0,82,0,77,0,1,14,0,0,10,82
30016,0,0,0,0,0,0,0,0,0,0,0,0,0
30017,0,0,0,0,0,0,0,0,0,0,0,0,0
30018,0,0,0,0,0,0,0,0,0,0,0,0,0
30019,0,1,0,34,0,32,1,1,2,0,3,4,33
40011,1,17,0,180,0,171,0,2,11,0,0,4,182
40013,0,4,0,119,0,112,1,1,2,0,3,7,111
40023,3,89,0,711,0,689,6,7,89,1,14,83,689
40025,4,21,0,172,1,165,0,4,23,0,1,20,167
40026,1,3,0,48,0,44,0,0,3,0,2,3,47
40031,3,11,1,246,0,234,2,3,10,0,6,10,239
40033,3,50,1,492,0,474,6,5,52,1,17,52,478
50111,6,148,0,693,1,643,14,9,125,1,27,93,698
50112,3,47,0,324,0,302,1,6,37,2,3,39,314
50115,0,14,0,162,0,161,2,1,13,1,2,10,165
50141,3,122,3,662,1,627,7,8,104,1,19,94,655
50231,1,43,0,374,1,355,4,7,39,0,10,39,368
50232,0,17,0,102,0,101,1,0,17,0,2,13,104
50235,15,278,2,1634,3,1547,25,20,243,3,47,232,1627
50242,0,43,0,291,0,279,3,3,34,0,3,29,291
50320,5,75,1,453,1,428,6,9,69,1,10,56,457
50330,2,39,0,399,0,381,2,2,33,0,9,31,390
50332,2,175,1,826,0,783,16,15,152,3,19,117,853
50333,9,169,1,701,1,671,19,8,160,4,26,120,724
50343,1,26,0,146,0,139,0,1,22,1,1,17,142
60002,3,89,1,591,1,566,7,10,75,3,10,48,612
60007,4,90,0,548,2,541,7,9,92,3,7,70,558
60010,2,81,2,258,2,235,2,9,70,1,5,51,271
60011,4,109,1,150,1,143,1,7,116,2,7,84,168
60012,5,186,1,781,2,739,16,16,167,2,20,117,814
60016,1,26,0,129,0,126,1,1,25,0,1,17,133
60017,4,137,1,371,0,339,8,6,118,7,11,108,363
60020,0,26,1,259,0,253,1,1,21,0,3,20,256
60022,1,7,0,49,0,45,1,0,4,0,1,5,48
70003,9,280,2,519,3,489,23,12,280,2,37,220,540
70004,7,216,0,619,2,598,13,7,217,1,22,153,652
70005,1,291,3,616,1,600,23,14,290,0,21,220,634
70008,5,279,2,645,6,629,18,16,286,1,23,198,686
70010,3,96,0,430,0,420,7,9,104,3,14,80,425
70011,2,30,0,187,0,178,3,0,30,0,8,21,183
70013,3,71,2,497,2,488,3,3,76,0,11,66,488
70014,1,52,0,309,0,298,9,5,45,2,6,33,311
70015,6,114,1,519,0,497,4,3,106,1,10,77,512
70017,5,89,1,394,1,373,7,9,93,2,12,78,380
70018,13,176,0,787,1,748,18,17,170,1,17,144,775
70019,7,166,0,700,2,674,11,10,162,1,18,132,703
70020,5,126,2,485,1,473,6,9,126,1,8,85,484
70021,5,125,1,626,1,602,7,4,118,0,14,91,629
70022,2,207,0,770,1,752,5,14,209,4,12,148,772
70023,0,67,0,313,0,311,3,0,64,4,5,33,314
70025,5,189,0,806,0,783,9,4,190,1,22,142,798
70026,6,104,0,457,0,454,16,7,117,1,19,100,461
70027,4,211,1,718,0,679,16,12,204,4,27,154,726
70028,4,103,2,592,2,566,5,11,92,2,11,75,586
70029,1,43,0,149,0,142,1,3,42,1,2,26,148
70033,7,300,2,1206,2,1174,23,16,302,3,39,230,1224
80012,7,174,1,109,3,108,4,10,193,1,9,124,128
80022,5,196,1,193,0,180,5,10,201,3,10,149,213
80031,7,146,0,116,2,122,6,7,168,1,11,123,144
80041,4,253,1,428,2,424,4,15,265,5,10,188,469
80051,7,452,4,543,6,534,15,19,459,10,22,333,625
80102,5,229,2,656,0,629,7,16,220,7,10,175,666
80509,3,72,0,351,1,332,4,7,72,1,13,56,353
80510,7,115,0,593,1,564,6,12,101,2,8,78,610
80511,7,277,1,651,0,619,11,18,277,4,21,218,662
80712,4,140,0,384,0,365,9,4,130,2,7,82,404
80715,1,31,0,89,0,83,0,4,32,0,2,20,94
80810,0,39,1,191,1,191,1,2,44,1,4,31,193
80811,5,75,2,268,0,266,3,5,78,1,2,45,286
80812,0,57,0,201,1,198,5,2,53,0,3,28,218
81009,3,53,1,239,0,228,2,2,48,1,4,41,236
81010,1,73,2,358,0,349,2,5,75,0,7,42,371
81011,2,54,0,277,0,267,1,1,50,1,6,39,274
81013,1,66,0,264,0,246,2,2,56,0,6,34,272
81111,4,120,3,818,0,787,6,7,110,2,22,85,829
81213,2,43,0,284,1,269,4,3,38,0,9,33,287
90100,5,189,1,669,2,628,7,11,177,7,26,154,672
90102,2,48,1,148,0,151,3,4,51,0,0,43,153
90106,6,356,2,719,0,656,18,25,325,5,23,225,784
90107,3,90,1,287,0,286,4,3,98,0,8,69,302
90109,0,45,0,113,0,107,2,1,39,1,2,33,117
90114,2,179,1,571,2,552,11,8,167,2,9,131,579
90116,10,409,2,640,3,610,24,15,396,10,26,325,669
90124,15,401,3,912,0,851,22,16,380,5,29,256,974
90200,34,1714,10,3109,9,3004,82,51,1678,21,105,1119,3495
90201,7,225,3,984,2,939,21,19,210,1,23,158,1005
90202,5,98,0,494,3,476,7,8,92,1,11,74,508
90204,13,426,6,959,7,908,31,22,402,6,33,306,1019
90206,6,555,3,1139,6,1083,34,23,520,7,35,354,1242
90208,19,433,6,961,6,895,30,26,406,7,36,345,995
90209,0,23,0,28,0,29,0,1,24,0,0,17,33
90210,5,200,0,586,2,586,13,6,206,5,18,137,642
90211,10,334,4,859,5,822,21,20,322,5,26,218,919
90214,14,347,3,845,2,808,31,13,348,4,42,266,904
90215,10,622,5,1299,6,1226,41,28,597,5,60,463,1374
90216,7,536,4,1342,4,1300,35,26,530,5,43,350,1461
90217,11,699,2,1467,6,1423,46,37,692,13,50,496,1595
90218,8,360,3,901,1,847,39,29,337,9,39,283,940
90220,12,732,2,1721,9,1625,38,25,698,9,75,493,1852
90221,9,458,1,955,4,919,38,18,446,3,40,321,1027
90223,21,628,2,1274,5,1230,48,25,613,8,40,452,1370
90224,11,481,3,1081,0,1011,31,16,441,5,36,340,1144
90225,6,449,2,908,3,860,26,20,432,0,34,317,994
90226,2,88,1,359,0,344,5,3,76,1,4,55,364
90227,26,837,1,1757,4,1693,55,37,831,10,61,581,1927
90228,8,355,3,612,5,573,30,21,343,8,37,271,661
90300,11,331,0,1080,2,1040,35,15,322,5,43,238,1116
90301,19,606,3,1779,5,1699,54,34,591,11,72,425,1899
90302,5,389,7,1263,3,1196,39,30,366,2,53,294,1292
90303,15,711,2,1403,5,1354,31,23,705,9,47,468,1536
90304,13,341,3,991,7,916,26,34,347,4,46,273,1026
90306,17,605,1,1838,2,1737,35,40,607,8,61,432,1933
90308,7,99,1,489,1,479,8,5,101,0,10,74,510
90309,3,27,0,117,0,113,3,0,27,0,4,33,108
90398,0,0,0,0,0,0,0,0,0,0,0,0,0
90399,0,0,0,0,0,0,0,0,0,0,0,0,0
90400,7,128,3,789,6,759,9,6,118,1,20,111,790
90403,1,68,0,316,1,307,4,2,68,0,11,43,332
90404,3,42,0,207,1,191,4,6,32,0,1,31,202
90406,3,42,0,159,0,146,3,1,35,0,3,32,155
90408,3,58,0,272,1,252,6,7,51,1,10,39,279
90409,0,8,1,53,0,50,0,0,7,0,2,3,53
90502,0,34,0,196,0,190,0,0,29,2,3,18,205
90503,3,67,0,386,0,357,4,4,51,0,10,53,374
90504,13,496,1,1813,7,1734,36,14,454,12,56,353,1876
90506,23,1017,3,2700,8,2557,78,40,954,17,102,679,2892
100001,6,305,3,510,2,477,9,23,309,7,20,249,517
100002,9,265,2,589,1,582,10,16,289,4,20,201,614
100007,9,431,0,116,1,116,3,11,448,1,7,328,126
100011,2,189,2,292,1,286,6,9,191,7,11,145,311
100014,2,140,1,340,0,339,5,8,150,5,13,106,364
100015,6,280,1,787,1,766,9,9,281,2,18,197,796
100017,5,204,0,621,0,612,6,8,210,1,5,147,639
100019,14,446,1,1601,3,1569,19,18,459,7,39,290,1685
100020,11,297,2,586,1,568,16,16,303,11,24,240,608
100024,5,276,3,897,4,899,9,16,296,4,20,207,935
100025,1,78,0,407,0,403,13,3,76,3,14,69,415
100026,1,76,1,194,0,185,1,7,80,0,5,54,199
100030,4,30,0,297,0,283,3,4,26,2,6,20,294
100031,12,238,1,1302,2,1263,10,14,241,4,23,183,1301
100032,3,80,1,255,0,238,6,5,71,0,6,62,249
100033,5,96,0,441,2,428,12,9,99,0,13,80,449
100034,9,159,1,707,0,680,4,5,158,3,14,136,707
100039,1,32,0,365,0,359,2,6,33,1,3,30,361
100041,7,127,2,788,1,762,12,16,123,1,13,92,795
100051,1,86,0,239,0,238,3,2,90,0,3,55,246
100052,5,42,1,492,1,481,3,3,39,2,8,35,486
100061,4,81,1,464,2,467,13,5,92,0,11,68,480
100062,10,159,0,755,2,725,9,7,151,0,11,118,752
100063,3,152,0,931,0,920,10,11,171,0,25,135,924
100071,5,83,1,723,0,698,3,12,84,1,13,72,716
110001,8,563,1,480,5,446,30,13,544,8,35,421,524
110002,21,791,3,1019,7,922,26,28,754,8,49,521,1122
110003,14,611,2,810,6,757,40,24,588,4,44,418,897
110004,20,708,3,774,5,698,39,28,671,7,44,518,843
110005,4,131,1,128,1,112,6,7,124,2,8,90,144
110006,3,171,1,308,1,273,11,4,143,3,16,95,342
110007,1,63,0,78,3,69,6,2,52,3,7,52,86
110008,0,171,1,251,1,225,7,6,152,2,12,126,263
110009,4,241,0,573,2,543,12,12,223,3,13,149,597
110010,7,434,3,907,1,811,10,27,378,3,21,276,943
110011,5,124,0,294,1,282,7,6,124,1,10,81,309
110012,13,303,1,713,4,640,17,24,275,2,31,217,727
110013,3,220,1,408,2,373,8,15,202,5,15,162,419
110014,8,312,2,636,1,581,10,12,273,2,9,215,662
110015,5,243,2,838,2,789,9,12,223,3,24,144,865
110016,2,99,0,256,1,243,2,3,92,2,4,64,258
110017,3,117,0,243,2,228,5,4,110,0,7,81,249
110018,2,73,0,214,1,198,7,5,57,1,4,51,214
110019,6,208,2,518,2,467,9,22,185,5,14,144,526
110020,4,449,2,572,0,516,36,20,414,0,29,300,635
110021,4,99,0,336,0,315,9,5,90,0,8,70,334
110022,2,64,0,225,0,197,2,7,55,0,11,51,213
110023,7,79,1,202,2,189,2,5,77,0,3,57,213
110025,10,245,0,440,1,375,10,11,221,3,18,144,446
120101,2,100,1,597,0,594,4,5,105,1,7,80,594
120104,2,68,1,556,0,543,3,6,73,1,9,46,547
120105,2,122,0,73,0,64,1,2,123,0,5,96,70
120106,1,64,0,240,0,236,3,8,71,2,6,53,238
120207,0,20,0,93,0,92,3,1,20,0,3,12,94
120208,7,74,1,357,2,348,6,4,78,0,7,57,363
120209,0,50,0,124,0,117,2,2,51,0,6,37,126
120210,2,53,0,502,1,489,1,5,51,2,4,39,503
120211,1,31,0,60,0,52,0,0,28,0,3,23,58
120214,5,127,0,168,0,155,2,4,133,0,8,109,162
120215,1,57,0,151,0,150,0,3,61,1,2,47,155
120316,2,136,0,424,1,416,2,10,142,1,4,113,416
120318,0,44,0,344,1,335,3,4,41,0,4,30,335
120319,2,42,0,312,0,295,0,8,37,0,1,27,303
120320,1,24,0,153,0,146,1,1,19,1,2,16,143
120321,5,43,0,339,1,323,2,2,34,0,2,36,327
120322,3,15,0,205,0,200,1,2,15,0,1,17,194
130002,0,16,1,159,0,153,1,2,18,0,5,17,150
130003,3,8,0,153,0,151,3,1,10,0,1,13,149
130004,2,12,0,183,2,179,2,3,11,1,2,13,178
130005,1,10,0,153,0,152,2,1,12,0,2,14,146
130006,0,14,0,268,0,257,1,4,13,0,3,14,257
130007,0,4,0,54,0,56,1,0,6,0,1,1,57
140001,19,1191,8,1194,9,1176,46,22,1183,7,43,659,1579
140002,3,411,0,223,3,206,15,9,413,6,23,306,262
140003,6,501,0,346,2,335,22,7,496,4,23,294,475
140004,10,620,3,1396,10,1396,29,11,614,4,23,347,1575
140005,24,836,4,1487,4,1454,36,29,854,8,54,588,1668
140006,5,744,1,206,0,203,11,6,755,4,15,429,350
140007,8,659,6,1600,3,1553,29,26,648,8,48,408,1761
140008,4,619,2,176,2,176,18,8,624,6,20,392,289
140009,14,803,10,1457,10,1426,57,31,792,4,49,573,1606
140010,8,385,2,593,2,563,22,13,380,3,29,259,651
140011,6,776,2,276,1,278,21,13,789,4,22,473,447
140012,11,779,3,930,4,916,39,23,796,14,56,515,1100
140013,3,268,1,109,0,106,12,7,283,1,15,191,158
140014,10,721,1,293,1,269,43,27,729,6,40,534,415
140015,13,782,1,371,6,358,20,10,785,6,26,510,523
140016,7,542,4,870,6,825,25,23,512,11,33,360,957
140017,2,137,0,416,1,408,8,5,143,1,18,104,436
140018,11,802,4,354,7,356,36,19,809,9,28,600,481
140019,14,1190,2,709,10,700,38,21,1209,10,51,761,944
140020,12,876,5,1634,4,1593,22,20,868,8,42,546,1827
140021,5,325,3,630,2,600,25,19,326,4,40,239,666
140022,18,745,5,1374,8,1292,50,34,707,6,57,519,1464
140024,19,1079,3,1902,3,1814,78,40,1036,10,80,748,2097
140025,9,284,2,603,2,582,20,16,295,2,30,222,629
140026,20,983,2,853,3,828,44,35,1024,6,60,645,1070
140027,12,1011,5,1188,4,1209,32,15,1039,10,38,509,1516
140028,23,1211,5,669,3,634,45,47,1247,15,68,882,884
140029,15,363,4,1224,4,1166,21,27,345,4,25,256,1275
140030,3,428,2,607,1,598,17,13,444,1,26,273,683
140032,19,1058,4,588,11,543,44,37,1077,13,68,768,763
140034,9,373,5,1471,6,1412,16,34,357,7,28,247,1515
140035,6,492,1,515,4,539,19,17,523,5,20,265,686
140036,13,326,4,974,2,930,16,17,315,5,25,233,1015
140037,14,588,0,875,2,838,53,11,591,5,72,453,984
140038,5,329,0,857,4,820,21,23,331,3,39,252,897
140039,12,713,2,600,2,600,31,16,718,9,29,421,787
140040,12,667,0,895,5,872,32,19,685,4,41,449,1044
140041,6,275,1,338,4,317,4,19,292,1,17,214,369
140042,8,502,2,268,1,274,15,8,508,0,6,260,414
140043,14,787,3,1210,1,1179,28,23,794,4,39,523,1347
140044,12,810,5,1288,2,1199,52,39,780,6,69,591,1405
140045,8,182,0,474,0,451,7,10,193,0,19,115,502
140047,17,475,2,828,6,770,32,31,463,11,49,363,881
140048,13,430,7,744,4,708,28,19,426,5,40,354,783
140049,5,250,4,603,3,579,17,19,244,3,20,173,634
140050,15,681,4,1092,6,1059,41,28,686,3,44,488,1197
140051,3,463,1,289,2,287,19,9,460,8,18,300,387
140053,10,1383,1,1259,5,1262,46,22,1410,14,59,818,1602
140054,15,322,3,623,2,578,21,28,323,6,30,278,643
140055,17,1046,4,906,8,893,39,26,1069,6,49,676,1131
140056,9,931,1,577,5,564,37,10,937,6,39,557,782
140057,22,649,5,1407,5,1289,39,47,615,7,59,458,1492
140058,13,465,1,873,1,828,26,25,464,6,38,356,924
140059,2,279,1,222,4,230,14,3,283,0,13,178,289
140060,16,747,4,1544,6,1481,40,35,730,10,48,549,1665
140061,9,585,2,1271,4,1248,26,21,582,5,29,337,1429
140063,3,235,0,573,1,555,14,10,233,4,19,143,622
140064,16,391,6,1315,4,1245,23,31,377,6,37,287,1343
140065,6,239,3,734,0,691,23,15,231,1,29,204,732
140067,13,623,5,597,4,588,26,14,645,7,36,405,737
140068,14,868,2,751,5,711,22,19,869,4,40,590,908
140069,13,821,3,1203,7,1168,28,20,815,9,33,553,1347
140070,20,612,3,1021,5,957,44,27,606,7,56,465,1108
140071,5,418,3,341,2,339,10,12,426,4,15,246,453
140072,14,717,4,1254,8,1209,39,30,701,7,40,513,1375
140073,18,1498,4,1785,6,1797,55,26,1543,12,69,871,2249
140074,2,473,2,596,2,612,15,11,505,3,19,228,778
140076,9,568,3,489,3,476,24,15,563,11,24,383,605
140077,2,223,0,194,0,179,17,11,210,4,12,177,217
140078,10,314,1,1255,2,1203,26,26,306,4,40,269,1267
140080,3,97,0,257,3,251,5,10,92,9,6,78,276
140081,9,1029,2,817,5,796,40,26,1032,5,32,660,1008
140082,18,1170,4,1094,13,1076,62,39,1193,9,58,746,1382
140083,1,173,1,283,0,272,1,4,176,1,7,101,321
140086,15,593,3,1254,1,1202,40,20,576,5,52,398,1366
140087,7,238,1,601,4,572,10,11,235,3,25,180,629
140088,13,690,1,1541,7,1510,27,29,705,10,40,454,1689
140089,14,952,0,1459,6,1402,53,33,956,8,70,651,1655
140090,0,0,0,0,0,0,0,0,0,0,0,0,0
140091,0,113,0,190,0,188,2,8,120,2,5,74,221
140092,0,3,0,4,0,4,0,0,3,0,0,1,6
140093,11,422,1,178,1,181,13,6,438,6,13,259,278
140094,2,137,1,212,0,203,6,7,140,2,12,88,242
140095,1,136,0,398,0,383,9,3,130,0,12,100,405
150002,5,78,0,347,2,331,1,3,72,3,2,52,356
150003,1,37,0,167,0,160,5,1,29,0,3,22,166
150004,4,70,2,373,0,356,6,5,59,4,5,53,364
150005,8,81,0,349,3,307,7,8,65,2,7,54,334
150006,1,27,1,123,2,114,3,2,23,0,3,20,113
150007,0,47,1,246,1,238,3,4,45,1,4,34,239
150009,1,18,0,80,1,79,1,1,17,0,0,11,79
150010,0,23,0,134,0,130,1,1,24,2,5,18,131
150011,4,49,0,272,0,249,7,5,40,0,4,34,257
160001,13,570,5,688,2,713,25,21,624,2,24,428,795
160002,15,521,2,570,5,574,24,20,562,2,30,410,651
160003,11,452,2,432,3,435,19,17,495,2,28,371,488
160007,17,470,1,539,2,552,37,20,502,4,31,374,607
160008,16,688,2,798,3,836,37,25,760,6,38,566,898
160009,14,695,3,726,5,727,30,28,736,7,37,553,804
160011,11,660,3,498,6,523,34,23,704,3,23,525,580
160013,17,460,1,475,3,496,19,27,528,3,28,378,525
160014,4,162,0,196,0,190,39,9,171,0,34,164,206
160015,12,430,1,558,1,568,22,22,475,2,25,348,611
160017,12,441,2,589,3,603,23,19,485,6,30,346,670
160019,8,257,2,415,4,409,19,17,279,3,29,217,443
160020,6,368,2,414,4,418,12,15,394,4,19,259,458
160021,7,241,3,294,3,286,13,13,262,1,22,209,293
160025,4,320,0,66,4,76,9,10,346,2,14,234,99
160026,3,169,0,242,2,232,2,15,186,2,12,138,246
160027,4,186,1,226,2,233,16,16,207,3,17,156,259
160029,3,188,0,62,1,71,5,5,201,2,4,143,89
160030,6,127,0,118,2,131,7,5,149,1,7,101,137
160031,19,947,5,1541,7,1556,48,52,1021,12,43,719,1689
160032,1,54,0,12,0,14,1,3,59,2,2,52,18
160033,2,213,1,268,2,264,10,10,234,1,22,168,294
160034,10,582,2,780,4,792,25,13,622,6,33,448,854
160035,4,109,1,314,1,315,5,5,122,1,9,91,322
160036,2,117,0,249,0,255,11,5,125,1,7,88,265
160037,1,53,0,272,0,266,1,6,59,1,7,35,280
160038,28,558,3,1811,5,1776,59,40,592,4,60,469,1870
160039,8,164,3,699,1,683,18,14,171,3,23,129,725
160040,3,144,1,821,2,810,18,10,147,2,23,129,821
160041,5,114,0,462,2,453,9,10,127,2,16,86,465
160042,16,797,3,1565,7,1566,26,30,836,9,37,594,1681
160043,2,46,2,283,0,277,0,5,49,1,4,36,288
160045,13,239,2,727,3,721,9,9,257,4,15,185,753
160046,4,43,1,267,0,263,8,5,45,1,5,30,268
160048,9,139,1,495,2,481,8,11,144,5,15,110,511
160049,7,115,2,563,0,558,5,4,131,1,14,81,579
160050,7,597,3,1112,2,1135,27,22,665,4,43,444,1204
160051,3,251,3,758,3,768,19,15,275,6,22,221,784
160053,0,0,0,0,0,0,0,0,0,0,0,0,0
170001,0,12,0,84,1,89,1,1,17,0,1,14,85
170003,1,54,2,394,3,401,8,5,65,0,8,55,405
170004,3,58,1,261,1,253,6,6,58,1,6,36,257
170005,5,88,1,359,3,357,8,13,93,4,5,66,380
170007,1,51,1,278,0,279,3,1,60,1,7,35,286
170008,0,13,0,54,0,57,1,0,15,0,0,5,57
170009,6,56,1,280,0,278,4,3,59,4,4,47,285
170010,0,8,0,162,1,160,0,1,6,1,1,4,162
170011,2,18,0,245,0,240,3,3,20,2,7,20,244
180140,4,156,1,641,2,574,13,11,106,1,14,102,630
180320,2,40,0,155,1,140,2,2,29,0,3,23,153
180410,4,98,1,386,0,342,6,8,68,4,9,62,381
180520,3,101,1,320,2,300,3,11,94,0,5,74,330
180611,5,128,0,355,1,319,10,8,113,4,21,95,361
180612,1,101,3,233,0,211,4,4,92,1,10,53,241
180621,5,237,3,522,1,476,13,12,204,5,16,158,545
180622,5,199,1,350,1,324,14,7,182,2,13,134,375
180710,4,74,0,354,0,324,10,9,61,0,12,57,348
180810,1,114,0,489,0,451,4,4,91,1,14,61,503
180820,6,99,1,558,1,517,4,12,89,0,16,72,545
180910,5,99,0,323,1,300,5,6,88,2,11,54,342
190111,10,245,0,699,2,663,10,17,242,3,18,164,746
190112,2,63,1,247,0,224,8,11,58,0,13,59,243
190121,8,280,1,993,2,929,10,25,259,2,20,176,1029
190122,1,167,0,86,0,84,6,5,166,3,4,101,110
190131,2,152,1,389,0,356,4,15,145,1,11,86,408
190132,9,288,3,808,7,774,25,17,259,5,23,174,894
190142,11,640,7,1405,6,1305,30,52,618,7,54,377,1562
190143,10,308,3,593,5,555,15,15,304,6,38,214,627
190211,2,126,1,292,0,281,4,8,130,2,10,81,322
190221,3,88,3,230,0,224,4,8,89,2,7,54,259
190231,3,150,2,313,2,313,6,9,154,2,8,95,365
190241,4,144,1,367,1,340,7,4,126,3,11,79,399
190311,8,162,2,690,3,643,11,13,143,1,21,102,710
190401,4,210,1,693,2,644,17,15,183,0,20,137,716
190402,3,214,2,736,4,703,14,18,203,2,17,128,787
190403,9,185,2,813,2,766,14,20,172,2,25,137,835
190404,14,418,2,1631,5,1530,34,34,378,4,52,256,1686
190405,12,188,4,958,1,896,18,15,163,0,30,147,962
190406,5,110,0,541,1,511,14,11,91,1,12,75,549
190407,1,53,0,309,0,293,3,9,54,0,10,39,322
190408,0,76,0,390,1,364,11,9,59,0,9,43,392
190409,2,193,3,779,1,739,11,9,178,1,27,121,814
190410,1,30,0,229,0,218,0,0,23,2,4,16,233
190411,3,102,2,423,2,391,4,12,92,2,9,67,435
190412,3,100,0,446,4,426,7,10,97,2,12,57,468
190413,4,143,1,739,1,702,6,12,139,1,24,99,762
190414,12,332,1,1557,2,1478,37,33,294,2,33,217,1612
190415,3,98,2,380,2,360,5,9,94,1,13,73,388
190416,3,135,0,670,1,644,9,15,136,3,19,104,682
190417,13,340,1,1550,1,1476,22,21,322,3,40,233,1595
190418,9,325,0,966,1,948,17,9,325,3,23,173,1061
190419,7,284,1,779,1,757,23,7,270,6,26,177,844
190420,3,198,0,392,0,386,10,5,204,1,12,103,456
190421,8,294,1,732,1,722,14,11,303,4,19,191,802
190422,7,115,1,469,3,452,8,3,104,6,14,66,508
200001,5,219,3,398,0,369,12,13,216,3,24,154,431
200003,2,236,3,600,4,585,7,12,233,2,14,161,659
200005,3,217,1,619,1,589,6,15,225,1,24,138,670
200007,8,191,1,373,1,358,4,8,196,1,7,125,411
200012,0,101,0,493,1,475,11,8,90,1,12,81,498
200013,0,50,0,260,0,250,1,4,49,1,4,35,258
200018,6,254,4,917,2,894,16,4,247,2,30,160,985
200019,8,285,0,853,2,818,29,17,279,8,37,204,904
200020,9,274,2,1153,4,1118,33,11,245,6,35,173,1230
200021,14,404,0,803,5,759,63,23,396,5,67,358,857
200022,1,43,0,327,0,318,6,5,37,1,3,34,329
200023,8,115,0,718,0,687,5,10,109,0,10,74,730
200026,1,65,0,546,0,515,4,4,47,0,8,30,545
210001,7,213,2,900,1,874,4,19,206,1,4,123,943
210002,3,117,1,378,1,358,1,3,110,1,10,68,390
210003,5,312,1,810,0,753,5,15,292,1,23,171,825
210004,6,132,2,456,1,439,2,10,135,2,11,89,472
210005,5,258,1,847,0,816,16,17,253,4,19,167,877
210006,10,183,0,647,0,614,3,10,185,2,14,114,651
210007,12,434,1,1473,3,1407,20,29,420,0,28,259,1535
210008,5,71,0,371,0,353,4,6,69,0,9,54,372
210009,16,350,1,1285,2,1226,15,22,339,3,23,201,1323
210010,0,8,0,43,0,39,1,1,5,0,0,5,42
210011,6,188,1,756,3,723,12,8,168,1,13,107,773
210012,5,145,1,486,1,458,4,7,135,2,11,93,498
210014,4,161,2,579,1,547,4,10,155,0,15,97,603
210015,3,181,1,660,1,624,3,11,170,2,15,111,668
210016,6,133,1,395,1,361,5,8,124,1,11,86,399
210017,2,96,0,277,1,249,3,4,78,2,7,53,278
210018,5,88,0,437,1,400,3,10,78,1,17,58,429
210019,4,148,1,791,5,750,13,22,129,2,17,99,787
210020,2,54,0,149,0,124,0,4,44,1,7,32,147
210021,1,23,0,127,1,119,2,5,22,2,3,19,128
210022,6,294,1,1039,3,970,12,19,251,3,17,201,1035
210023,7,111,1,651,3,625,4,9,104,2,9,68,655
220001,0,28,0,272,0,261,1,4,24,0,3,21,270
220002,1,7,0,109,0,101,0,0,6,0,5,7,105
220003,1,40,1,287,1,274,2,3,31,0,1,20,288
220004,0,21,1,122,0,114,0,3,16,0,2,15,120
220005,2,58,0,593,0,576,6,5,48,4,9,42,593
220007,0,13,0,73,1,67,0,0,9,0,2,8,73
220008,2,65,0,461,0,455,2,2,64,0,4,46,470
220009,1,10,0,159,0,153,1,2,8,1,3,4,162
220010,0,11,0,48,0,44,0,1,8,0,0,3,50
230001,3,58,0,412,0,394,5,4,46,2,5,21,433
230003,6,47,0,567,0,537,3,7,40,1,14,41,561
230004,2,15,0,91,1,85,2,1,13,0,3,15,89
230006,0,5,0,55,0,54,0,0,4,0,0,3,53
230007,1,31,0,258,0,249,2,3,31,0,3,19,261
230008,0,20,1,229,0,227,5,2,16,0,2,18,227
230009,0,11,0,76,0,75,1,1,12,0,1,7,76
240101,5,178,0,253,0,243,8,6,175,3,6,124,278
240102,5,196,1,363,3,355,14,18,219,2,22,166,387
240103,15,229,1,480,1,438,13,21,231,3,23,184,487
240104,12,239,2,482,4,466,15,16,250,3,21,190,514
240105,5,170,2,376,3,360,16,13,170,1,17,134,397
240106,6,72,0,393,3,367,4,4,54,3,6,32,409
240107,0,19,0,76,0,72,1,1,18,0,2,10,80
240108,2,17,0,99,0,90,0,1,14,1,3,16,94
240109,3,46,1,277,0,267,1,2,38,3,1,19,289
240110,4,188,1,565,3,544,12,11,191,3,21,146,581
240201,13,412,3,874,5,845,33,23,413,6,36,305,959
240202,6,354,3,944,1,901,11,23,354,2,29,232,1023
240203,12,151,0,437,2,388,16,8,137,2,29,123,426
240204,12,423,4,1222,4,1167,42,29,405,2,43,300,1291
240206,4,192,0,568,2,557,18,12,191,3,15,130,608
240207,8,108,3,613,5,580,16,16,102,4,27,99,619
240208,1,11,0,134,0,127,0,1,9,0,1,9,129
240210,3,58,0,366,0,340,4,6,49,2,11,27,380
240211,2,83,2,590,0,567,7,7,70,1,11,58,598
240212,3,50,0,347,0,340,3,2,52,1,6,40,345
240301,7,153,1,448,1,438,15,15,159,1,14,106,490
240302,14,403,4,1382,3,1343,24,22,410,7,42,278,1459
240304,9,331,1,1264,7,1230,18,21,331,6,29,228,1324
240305,3,272,1,1028,1,1022,20,8,262,5,16,129,1126
240306,4,144,3,508,0,495,10,5,144,0,13,82,543
240307,3,41,0,249,1,241,5,5,39,3,5,16,259
240308,3,148,1,721,2,708,11,10,149,1,14,79,766
240309,5,61,1,485,2,463,8,5,55,0,14,48,483
240310,5,107,3,527,4,501,8,9,95,1,14,70,551
240311,11,150,1,899,4,851,18,12,133,1,28,105,913
250001,5,73,0,445,1,424,2,7,65,2,4,36,450
250002,8,79,3,536,0,517,6,8,76,2,9,39,556
250003,3,89,1,670,1,636,2,11,73,1,8,65,668
250005,14,87,0,846,2,815,8,7,81,2,12,54,866
250006,5,83,0,286,0,269,6,8,76,2,6,52,297
250007,0,128,1,353,3,342,8,4,112,2,6,70,387
250008,5,121,0,422,0,399,7,9,119,5,15,86,438
250009,8,144,0,807,0,760,5,11,119,2,8,98,807
250013,1,62,1,300,0,291,5,6,54,2,3,38,299
250015,4,153,3,504,0,488,3,8,152,2,10,93,525
250016,3,113,0,570,0,551,2,6,109,0,9,63,585
250017,4,173,1,335,0,317,10,14,177,2,14,129,357
250018,14,250,1,891,4,857,17,8,238,2,22,167,934
250020,9,195,1,713,3,694,10,15,194,3,7,139,731
250021,0,3,0,11,0,11,0,0,3,0,0,4,10
250024,3,150,0,666,1,635,12,9,137,3,13,98,665
250025,3,90,0,523,3,498,12,6,80,2,18,59,531
260001,1,162,2,512,1,501,17,14,152,4,12,112,546
260002,8,214,2,708,0,684,10,6,207,1,11,122,740
260003,8,236,2,653,0,628,9,12,227,7,8,147,692
260005,5,204,1,312,1,298,6,12,212,6,15,165,318
260006,7,206,2,507,2,490,16,11,194,12,18,160,536
260008,1,207,1,424,3,408,13,14,199,2,13,156,442
260009,9,331,1,556,2,537,11,7,322,3,13,204,629
260011,1,59,0,367,0,359,3,3,59,1,5,39,378
260016,0,22,0,159,0,149,0,1,14,1,0,9,158
260017,7,52,0,238,0,221,4,4,48,1,5,44,236
260020,2,64,0,291,0,271,3,4,57,1,9,46,284
260021,1,53,0,236,1,219,4,3,43,0,6,32,239
260023,1,22,0,142,0,136,2,2,17,0,0,13,139
260025,5,101,1,417,0,395,10,4,86,4,10,60,430
260026,2,24,1,233,0,222,0,6,23,1,3,25,230
260027,3,68,0,348,0,332,3,2,60,0,7,44,348
260028,7,225,1,963,0,903,16,14,194,2,26,158,971
260029,7,207,1,1091,2,1029,13,19,174,8,24,142,1107
260031,4,82,1,467,0,444,8,4,70,2,13,69,460
260032,7,127,0,781,3,748,7,14,130,1,15,100,793
260033,3,49,0,251,0,238,2,4,47,0,6,35,248
260035,1,29,0,150,0,141,1,4,25,0,2,17,154
260036,8,182,0,1098,3,1037,12,22,158,1,18,117,1084
260037,11,402,6,1932,7,1867,34,26,367,2,38,289,1972
260038,19,303,1,1444,4,1371,19,24,279,1,31,211,1462
260039,10,200,2,1099,2,1049,9,16,177,2,15,130,1103
260040,11,310,1,1636,0,1552,30,18,278,2,45,235,1653
260041,11,362,4,1523,3,1471,25,13,325,3,29,214,1595
270011,1,28,1,111,0,105,2,1,23,0,1,15,117
270017,0,25,0,260,0,259,1,1,25,1,2,21,260
270023,0,78,0,498,1,473,4,6,68,0,14,52,500
270025,7,43,1,264,1,257,5,4,46,0,4,34,270
270026,5,29,0,234,0,218,4,4,25,0,5,29,230
270029,0,34,0,188,0,176,2,4,33,1,5,18,193
270030,2,67,0,361,0,347,6,4,60,0,6,46,361
280101,2,99,1,341,1,331,4,1,93,5,10,62,347
280102,7,103,1,466,1,444,6,7,99,3,11,71,473
280103,0,5,0,26,0,22,0,0,2,0,0,1,25
280105,2,17,0,86,0,79,1,2,14,1,2,8,91
280106,0,10,0,85,0,84,3,2,13,0,5,9,89
280202,4,68,0,382,1,362,6,4,64,0,10,47,390
280203,2,32,0,171,1,167,3,3,32,1,2,21,175
280302,1,13,0,48,0,45,1,0,11,0,0,9,44
290101,0,8,0,45,0,42,0,0,10,0,4,7,45
290102,1,47,0,264,0,256,1,3,47,0,2,29,267
290201,1,55,0,179,1,172,1,2,52,0,5,32,176
290203,0,5,0,27,0,25,0,0,4,0,0,2,25
290204,0,1,0,25,0,24,0,0,0,0,0,0,25
290301,0,44,0,87,1,90,1,1,45,1,0,25,99
290302,1,22,0,120,0,121,3,0,19,0,1,18,121
300201,5,55,1,532,0,508,9,6,39,2,7,39,520
300203,0,11,0,116,0,111,3,2,10,0,3,3,119
300301,0,39,1,219,0,212,5,8,39,1,5,28,224
300302,1,2,0,56,0,57,0,0,4,1,0,3,56
300303,0,7,0,107,0,108,0,1,11,0,2,4,113
300402,2,30,0,297,0,294,1,5,33,0,1,20,308
310007,0,41,2,249,0,233,3,3,30,1,6,26,239
310009,1,25,0,83,1,75,0,1,22,0,2,16,80
310011,3,31,0,165,1,152,1,4,28,2,6,17,167
310015,1,78,1,318,1,292,3,2,58,0,5,43,307
310016,3,90,0,379,0,365,3,7,86,3,3,50,389
310019,3,88,0,448,1,418,4,8,72,3,8,49,440
310023,4,128,1,483,3,457,4,3,108,0,7,83,476
310027,2,122,0,586,0,553,3,7,118,0,15,80,575
310030,5,84,1,402,1,373,2,4,67,0,5,52,393
310031,4,159,0,672,3,610,8,6,124,0,17,80,655
310032,3,80,1,380,1,364,6,4,70,2,7,46,388
320010,0,0,0,0,0,0,0,0,0,0,0,0,0
320011,2,119,1,463,1,432,6,4,100,1,10,64,463
320012,4,80,1,313,0,296,0,6,81,1,6,55,314
320016,3,37,0,142,0,130,0,2,33,1,2,24,142
320018,0,36,0,227,0,214,1,2,33,0,6,25,219
320019,0,22,0,94,0,94,0,0,21,1,1,18,90
320020,3,212,0,611,0,580,8,11,192,3,6,137,628
320021,1,78,0,192,0,179,4,5,72,2,6,54,198
320022,3,56,0,218,0,196,2,10,52,1,5,47,211
320023,0,22,0,126,1,114,1,4,19,0,4,17,121
320030,2,36,0,167,0,160,1,1,31,0,1,21,171
320031,0,38,0,240,0,235,1,6,41,0,3,28,244
320032,0,62,1,182,0,180,6,0,56,0,4,42,192
320033,1,30,0,247,0,240,0,3,31,0,2,21,246
320034,2,23,0,152,1,143,1,4,20,0,2,10,158
320035,5,151,2,501,3,467,10,7,137,1,17,114,504
330001,6,299,4,1237,2,1252,33,16,340,4,40,269,1266
330002,1,68,1,414,0,422,8,2,76,1,10,46,432
330003,5,174,0,342,2,350,14,16,209,4,20,164,350
330006,2,170,2,820,1,826,18,13,194,4,24,159,835
330007,5,154,1,407,2,404,15,8,170,2,24,140,426
330010,6,148,0,283,1,286,6,11,171,2,11,134,294
330014,6,214,2,663,1,662,21,17,238,2,25,184,690
330016,1,49,0,425,2,428,4,3,54,0,2,39,433
330017,5,22,0,264,0,257,4,2,26,1,7,18,262
330018,0,14,0,161,0,160,0,2,17,0,1,15,158
330019,0,15,0,133,0,129,1,1,14,0,4,8,133
330020,2,54,1,651,1,634,5,5,53,1,13,49,642
330021,0,10,0,78,0,79,1,2,14,0,1,11,79
330023,2,30,0,335,1,344,4,1,43,0,5,33,342
330024,0,26,0,179,1,174,3,1,27,0,7,25,178
340001,4,63,0,298,1,282,6,8,64,2,6,46,289
340002,1,25,0,255,2,257,6,4,32,0,5,23,255
340003,0,18,0,122,1,117,3,1,12,0,3,8,122
340004,2,19,0,88,0,84,1,1,20,0,2,12,90
340005,1,8,0,79,0,73,2,1,8,0,5,8,74
340006,1,69,2,305,0,292,1,5,66,2,5,39,294
340007,3,37,1,143,0,136,1,4,42,0,2,27,143
340008,1,3,0,49,0,47,2,1,3,0,2,3,48
340009,3,75,0,642,1,613,4,7,70,1,14,55,629
340010,0,6,0,45,0,42,0,0,2,1,1,1,45
350001,4,64,1,304,3,297,3,2,64,1,7,48,312
350002,1,73,0,166,0,155,7,4,73,1,11,61,174
350003,0,73,0,181,1,166,2,7,61,4,2,55,178
350004,2,163,0,533,1,522,8,8,166,3,15,143,529
350005,2,60,0,409,1,392,1,10,61,2,6,47,402
350006,2,48,1,285,1,271,1,5,47,0,5,39,276
350007,0,1,0,8,0,9,0,0,2,0,0,1,9
350008,3,27,0,231,0,219,0,3,24,0,3,28,221
350009,2,28,0,109,0,105,2,3,33,0,3,22,113
350010,2,10,0,98,0,92,1,1,8,0,1,7,91
350011,1,18,2,171,1,172,0,5,24,0,1,14,175
350012,4,64,1,402,1,382,3,3,53,4,5,47,389
350013,2,105,1,449,1,441,7,6,107,2,6,80,453
350014,1,15,1,95,0,95,2,0,15,1,3,10,99
360001,6,173,0,727,1,662,14,19,143,2,19,122,723
360101,10,190,2,503,0,472,11,12,180,3,12,129,534
360103,5,138,0,593,1,557,10,8,124,4,20,94,611
360202,7,170,2,553,1,520,11,16,164,1,21,105,586
360205,6,150,0,533,1,501,16,16,139,6,18,128,534
360206,14,164,1,903,1,869,12,13,160,6,23,114,925
360400,1,14,0,127,0,125,2,0,11,0,0,11,127
360401,1,16,0,52,0,46,1,0,13,0,2,5,55
360403,3,70,0,431,3,407,3,10,58,1,5,55,419
360404,2,29,0,130,0,124,7,3,27,0,5,21,140
360406,2,38,0,179,0,171,2,3,37,0,5,21,185
360407,0,3,0,40,0,38,0,0,1,0,0,3,37
360409,1,10,0,75,0,72,2,1,9,0,1,7,75
360411,0,30,0,148,1,136,0,4,22,1,3,20,144
360412,2,75,0,225,2,210,4,4,63,0,4,40,230
360413,5,239,4,820,0,803,11,8,238,0,17,154,856
360419,5,183,1,398,0,383,1,9,188,0,9,133,410
360420,4,42,0,270,0,258,1,7,43,2,6,35,273
360503,14,323,2,742,0,705,24,18,322,5,32,258,768
360507,12,183,0,444,1,418,17,18,184,4,18,130,468
360516,6,181,1,341,5,319,8,15,183,3,13,144,356
360517,8,256,2,431,2,419,13,11,267,3,20,216,454
360527,10,288,0,739,3,702,25,15,281,0,27,195,797
360530,1,241,1,593,1,577,11,19,244,1,10,170,620
360532,9,210,1,629,4,609,15,10,203,5,18,127,683
360533,8,240,3,638,0,603,12,19,239,1,19,174,661
360534,11,262,1,829,4,796,19,15,258,5,25,167,888
360535,8,241,2,741,1,717,13,13,239,2,17,149,795
370101,4,161,0,962,1,936,9,18,165,3,18,116,999
370102,0,32,1,243,0,231,2,1,21,0,1,15,242
370103,1,29,0,327,0,312,3,2,23,0,6,23,323
370105,5,131,0,631,2,594,11,14,122,2,24,100,639
370106,0,13,0,100,0,98,3,0,11,0,3,10,99
370201,6,177,2,969,2,922,9,14,171,1,33,128,993
370203,0,18,0,128,0,128,1,3,21,1,3,12,136
370204,1,37,0,284,0,269,2,0,28,1,7,21,286
370301,3,185,0,954,2,943,13,10,185,4,16,141,988
370302,2,68,0,435,1,417,9,7,63,0,14,46,440
370303,1,10,0,128,0,127,0,0,10,0,0,7,128
370304,0,10,1,163,1,172,1,0,16,0,0,17,162
370305,1,24,0,182,0,166,1,4,16,1,5,12,186
370306,0,0,0,15,0,17,0,0,2,0,0,0,17
380001,2,132,2,563,1,543,7,4,118,2,11,78,572
380002,0,35,0,135,0,134,3,1,38,0,3,19,144
380004,1,117,0,346,0,340,2,1,112,1,6,65,369
380005,1,15,0,35,0,33,1,0,17,1,2,10,37
380006,2,44,1,129,0,123,1,0,43,0,3,16,144
380007,0,0,0,11,0,12,1,0,0,0,0,1,11
380008,1,35,1,176,0,167,1,2,32,1,6,29,176
380009,0,5,0,24,0,22,0,0,3,0,0,3,24
380010,6,117,0,384,1,367,3,4,111,3,6,71,397
380011,0,13,0,107,0,103,0,1,10,0,0,6,110
380014,3,127,2,405,1,391,5,7,125,1,12,81,427
380015,1,26,0,126,1,129,8,2,28,0,5,28,132
380016,1,19,0,83,0,81,0,0,20,0,1,11,85
380022,1,45,0,149,1,147,1,1,42,2,2,32,149
390001,6,104,1,360,2,325,4,6,90,0,13,68,355
390002,3,158,0,362,0,322,8,11,141,2,9,105,363
390003,0,42,0,254,0,241,1,5,39,1,6,24,253
390004,0,64,1,207,0,192,2,4,53,0,1,31,212
390005,3,83,1,373,0,354,3,5,78,0,8,58,368
390006,0,29,0,151,0,139,1,3,23,0,3,18,149
390007,5,37,0,150,0,140,2,4,38,1,3,33,140
390008,6,60,0,355,1,333,4,4,49,0,6,48,337
390009,3,69,0,269,0,251,3,4,60,0,4,51,262
390010,1,65,1,250,0,227,0,4,51,0,3,31,250
390011,10,144,0,530,0,484,6,4,117,2,8,87,502
390012,3,28,0,176,0,164,1,3,23,2,3,19,170
400101,2,66,0,332,2,321,4,7,66,0,4,52,326
400102,1,84,0,412,0,391,4,13,82,1,7,63,412
400103,6,136,1,607,1,586,4,9,142,0,11,100,613
400104,0,117,0,57,0,53,3,3,117,0,2,78,59
400105,1,134,1,660,1,642,5,16,135,2,10,113,654
400106,6,153,2,551,1,528,11,12,155,1,18,115,555
400107,6,155,0,865,1,822,15,15,147,3,20,119,860
400108,3,89,0,390,0,371,5,6,86,1,10,66,389
400109,7,121,2,700,0,676,9,16,124,3,11,109,689
400110,4,112,0,521,0,486,7,6,98,3,14,83,510
400111,8,114,0,673,2,638,5,17,113,1,11,94,662
400112,0,28,0,151,0,147,0,2,27,0,0,17,147
400113,6,57,1,335,1,314,4,8,54,2,6,50,323
400114,0,39,0,166,0,154,1,6,38,1,3,15,166
400201,1,18,0,105,0,99,1,0,13,1,2,11,106
400202,1,33,0,178,1,171,3,4,31,0,4,41,166
400203,4,316,0,1071,0,1011,12,17,293,2,18,210,1071
400204,5,189,0,666,3,639,19,17,182,0,14,131,671
400205,3,83,0,284,1,277,4,4,80,2,2,70,282
400207,7,149,1,632,1,596,19,9,139,0,25,124,630
400208,4,152,0,519,1,495,13,9,159,1,27,142,502
400210,4,111,1,680,0,654,6,12,111,2,15,93,665
400211,1,117,0,553,0,514,5,12,100,0,9,86,525
400212,5,172,0,880,4,828,9,12,157,1,19,123,869
400213,0,13,0,74,0,72,1,0,13,0,2,12,69
400214,0,32,0,165,0,153,2,6,30,0,5,25,161
400215,0,49,0,248,0,239,5,1,40,1,3,29,246
400301,2,106,1,234,0,213,2,4,95,3,6,66,241
400302,6,72,1,497,1,473,8,3,61,1,11,42,497
400303,1,31,0,184,0,174,1,2,30,0,1,13,184
400304,1,29,3,227,0,222,3,1,25,0,2,19,220
400305,2,36,2,157,0,147,1,2,32,0,3,22,154
400306,1,11,0,97,0,94,0,1,11,0,0,6,92
400309,0,15,0,90,0,88,2,0,15,0,3,13,86
400310,6,133,0,564,2,542,14,11,129,4,14,103,568
400311,1,124,3,422,0,410,3,5,118,0,4,92,416
400312,5,66,1,266,0,244,4,1,51,0,4,42,252
410001,6,132,0,536,1,511,12,10,127,0,12,87,554
410002,5,151,0,671,0,639,8,9,142,3,15,100,693
410003,4,164,3,756,2,709,12,14,140,1,22,117,771
410004,3,54,1,381,2,365,0,4,47,0,3,42,379
410005,4,94,1,621,2,589,9,11,82,0,17,80,618
410006,2,61,1,259,1,247,4,8,60,1,6,47,252
410007,3,71,0,322,0,305,5,8,68,3,6,55,315
410008,5,199,2,859,4,830,18,13,191,2,30,175,854
410009,6,118,1,505,0,484,9,11,115,2,14,83,515
410010,2,183,0,721,0,688,15,9,166,1,17,112,742
410011,10,171,1,662,0,625,5,8,163,5,21,115,685
410012,8,230,1,499,1,471,8,8,226,1,14,150,535
410013,4,47,1,266,2,249,3,4,44,1,12,42,264
410015,8,200,3,961,0,915,15,19,198,1,32,155,959
410016,4,112,1,708,4,693,14,11,112,2,18,90,715
410017,3,57,0,207,0,188,3,9,51,1,4,48,198
410018,5,108,0,370,1,362,8,5,111,1,9,84,380
410019,4,134,1,652,0,624,6,11,121,5,9,82,668
410020,7,139,1,480,2,454,7,8,133,0,13,110,484
410021,7,168,0,837,2,792,20,16,151,0,22,135,833
410022,4,174,2,740,0,705,6,9,161,5,16,121,743
420101,5,129,1,675,1,658,9,7,130,5,17,98,697
420102,3,237,0,702,4,684,13,13,238,2,20,174,737
420103,13,678,2,1897,5,1830,38,27,656,8,54,439,2056
420104,11,360,1,1309,6,1254,26,12,335,8,40,287,1351
420105,2,242,2,614,0,595,23,8,238,2,31,181,640
420106,5,440,1,1243,4,1201,23,11,419,2,28,278,1321
420201,1,43,0,126,0,120,2,4,44,0,4,33,134
420203,5,108,1,366,1,360,23,8,111,1,21,94,382
420204,6,392,0,1036,4,1004,22,12,390,4,35,295,1091
420205,19,372,3,1361,4,1322,37,24,373,9,43,301,1404
420206,17,432,1,1059,3,1021,32,19,432,8,38,318,1110
420207,12,468,5,1417,1,1360,24,20,458,8,44,353,1465
420301,2,18,0,208,0,197,2,3,14,1,5,12,209
420302,0,11,0,116,0,113,1,2,10,0,2,6,122
420303,11,201,2,1108,1,1064,26,14,192,3,37,165,1128
420304,1,34,0,282,1,275,4,3,33,1,8,25,289
420305,5,207,2,592,2,567,16,17,206,2,18,152,627
420306,0,119,0,204,1,193,9,5,109,1,7,81,220
420307,8,372,3,659,0,615,20,19,372,1,30,264,694
420308,10,385,1,592,4,566,20,13,387,3,29,279,650
420309,0,19,0,34,0,34,1,0,21,0,2,15,37
420310,5,275,1,8,0,11,2,6,287,1,3,216,40
430101,3,74,1,291,0,285,4,5,81,1,8,59,296
430102,1,37,1,321,0,311,2,3,36,0,4,27,318
430103,3,110,0,650,2,633,15,8,103,1,14,86,650
430204,3,92,0,224,1,217,1,8,97,0,3,73,229
430205,4,83,0,487,2,476,3,7,86,3,11,50,491
430206,0,26,0,162,0,158,0,1,26,1,4,18,160
430207,1,17,0,55,1,57,0,0,19,1,0,6,59
430208,0,10,0,53,0,47,0,0,4,0,0,4,49
430310,7,99,0,273,0,270,5,5,107,0,4,77,271
430311,2,68,3,333,1,329,3,3,66,0,3,51,338
430312,3,54,0,296,0,295,2,3,64,2,5,41,299
430313,1,31,0,160,2,152,1,1,22,1,0,16,155
440001,1,42,1,256,4,245,1,1,33,0,5,17,267
440002,2,43,3,208,1,201,3,3,37,1,4,27,214
440003,3,37,0,207,1,199,2,3,39,0,6,24,213
440004,1,101,0,292,3,276,0,3,92,0,5,69,292
440005,7,100,0,646,0,628,12,6,92,1,11,71,661
440006,6,177,1,918,2,875,8,16,168,0,20,113,934
440007,4,82,0,321,0,290,4,5,64,6,10,56,320
440008,9,147,1,830,1,790,9,13,137,6,23,125,831
440009,4,360,0,806,1,806,19,8,364,1,15,213,892
440010,3,39,0,255,1,239,1,2,33,1,6,25,257
440011,2,74,0,415,1,397,2,4,73,0,13,48,419
440012,6,248,4,1017,1,953,12,20,225,3,31,155,1050
440013,10,546,3,2010,9,1907,49,42,503,14,68,376,2101
440014,2,152,0,583,2,560,14,7,138,2,16,106,607
440015,7,203,1,945,3,892,10,11,182,2,29,153,949
440016,8,222,0,915,2,880,12,7,202,7,22,141,953
440017,2,40,1,191,0,184,6,3,40,0,8,34,193
440018,4,111,2,606,1,590,9,4,107,1,14,85,624
440019,7,162,1,759,0,725,17,12,147,1,16,133,758
440020,8,101,0,583,1,561,5,3,95,1,9,72,586
440021,7,202,0,434,2,399,9,13,189,2,14,153,454
440023,1,173,0,535,2,522,6,4,164,3,8,107,571
440024,7,219,3,556,3,523,9,12,201,4,15,153,579
440026,1,44,0,207,0,195,5,3,36,0,6,34,207
440027,2,82,0,387,1,370,8,7,73,2,10,45,402
440028,5,154,0,413,1,396,4,1,148,1,13,95,436
450002,1,91,2,132,0,123,3,2,90,1,5,78,128
450004,4,163,0,442,1,411,8,9,159,1,14,108,458
450005,1,169,0,50,2,51,1,2,173,3,4,111,70
450006,6,126,1,393,3,376,5,8,125,3,8,81,401
450008,2,77,0,508,1,494,3,7,80,1,6,56,505
450009,5,142,0,404,2,384,5,7,138,1,9,115,398
450011,0,30,1,148,0,138,0,3,32,0,6,23,146
450012,0,58,0,77,0,76,1,1,61,1,1,29,79
450013,1,53,0,363,0,343,1,9,48,1,5,35,341
450014,0,20,2,164,1,157,1,2,15,0,3,11,162
450015,3,21,0,169,0,157,1,5,20,0,0,15,164
450017,1,104,0,296,0,283,5,7,101,1,7,87,284
450018,4,133,1,626,0,597,5,5,122,2,7,95,607
450019,6,77,0,495,0,467,1,5,73,0,10,63,470
450020,2,75,2,414,0,393,0,9,71,5,9,57,399
450022,2,32,0,323,1,311,2,2,30,2,7,28,306
450023,2,43,0,276,0,262,1,3,49,0,5,34,262
450024,2,24,0,193,0,182,0,2,21,0,0,15,188
450025,1,23,0,239,0,228,0,4,18,0,1,17,226
450026,0,16,0,208,0,201,0,1,17,0,1,14,201
450027,1,11,0,133,0,120,1,2,5,0,2,10,120
450028,0,2,0,112,0,106,1,1,1,0,1,3,103
450029,2,31,1,310,0,291,3,9,27,2,6,22,303
450031,7,90,0,632,0,613,6,3,90,3,13,63,632
450033,0,37,0,311,0,298,0,0,26,1,3,21,301
450034,2,32,1,341,0,329,3,4,29,1,7,25,332
450035,8,116,1,635,0,597,1,7,109,0,12,87,617
450036,1,53,1,469,0,444,0,2,43,1,5,34,450
450037,0,20,0,112,1,107,0,2,20,2,2,10,109
450038,2,72,2,510,0,482,6,9,65,1,13,49,497
460102,7,232,1,585,1,535,5,8,216,1,20,149,602
460103,10,364,2,871,2,800,15,15,327,3,24,252,896
460104,2,145,3,465,1,432,8,7,121,1,11,88,481
460201,11,355,4,733,2,680,13,17,338,1,18,228,786
460203,6,175,0,341,2,311,3,10,164,4,7,118,355
460205,11,279,1,1119,6,1066,10,16,256,3,20,170,1146
460307,3,122,0,379,2,348,2,8,101,1,4,72,388
460310,0,48,2,152,0,143,1,2,43,1,4,29,152
460311,1,78,0,198,0,179,1,6,69,1,4,41,209
460312,4,26,1,71,0,62,4,2,23,0,4,17,75
460313,0,27,1,112,0,104,3,3,21,0,3,17,111
460314,6,212,0,582,4,553,9,13,206,0,14,128,614
460315,1,56,0,227,1,211,0,1,43,1,1,33,224
460316,3,116,1,337,0,309,4,6,103,0,9,58,344
470002,1,82,1,748,2,723,2,7,73,1,13,54,752
470004,2,22,3,160,0,153,2,2,19,0,6,23,152
470009,0,5,0,61,0,61,0,0,6,0,1,2,61
470010,0,11,1,218,0,214,2,2,6,2,4,9,220
470015,1,16,0,225,0,222,3,1,16,0,4,11,227
470016,0,8,1,93,0,90,0,3,7,0,0,5,92
470020,4,119,0,856,2,835,10,9,114,1,16,79,875
470022,3,85,3,723,3,694,20,15,79,4,27,78,731
480101,2,141,0,591,1,570,7,9,139,2,16,105,597
480102,3,91,1,297,0,286,1,6,95,1,8,69,300
480105,4,65,0,321,0,313,9,4,67,0,10,51,323
480106,3,47,1,232,0,218,0,3,43,1,2,18,230
480201,2,81,1,251,1,253,2,1,81,1,2,47,267
480202,1,92,1,242,1,237,8,6,89,4,8,63,259
480204,2,87,1,478,1,465,3,7,88,0,8,68,474
480206,1,62,0,320,0,317,2,2,70,0,7,52,316
480302,2,83,1,432,0,426,2,5,88,0,7,55,443
480303,9,167,1,782,0,764,6,8,172,1,12,110,799
480304,9,172,0,945,1,920,10,12,168,1,10,111,949
490011,7,129,1,555,0,522,11,9,117,2,16,104,548
490012,6,148,2,524,2,488,5,12,130,3,12,93,539
490014,2,54,1,164,0,153,3,7,51,2,2,32,171
490015,6,133,0,414,2,383,10,10,124,2,17,92,432
490016,2,91,5,347,0,319,2,11,78,0,6,56,351
490020,3,212,3,760,1,727,13,11,190,2,16,132,792
490021,5,98,1,384,1,364,3,5,93,1,10,71,395
490022,1,115,1,532,1,484,6,10,95,1,21,92,512
490023,2,195,1,694,1,654,14,6,172,0,20,136,705
490024,6,109,0,453,0,427,4,6,98,3,9,73,458
490025,1,106,1,328,1,301,3,11,101,0,8,65,340
490026,0,10,0,53,0,50,0,0,8,0,1,2,51
490027,3,9,3,55,0,54,0,2,10,0,0,14,54
490031,5,200,0,714,1,684,9,13,199,1,18,131,726
490034,5,108,1,369,0,340,0,9,102,2,10,80,366
490036,10,341,3,1049,2,944,17,31,294,3,35,237,1050
490037,10,154,3,616,1,584,9,9,136,2,12,115,621
490038,4,71,0,222,0,206,2,1,62,0,5,45,230
490039,4,218,3,616,1,565,8,15,189,3,15,138,614
490101,2,150,1,337,0,305,7,10,133,1,12,95,352
490121,7,255,0,675,1,602,7,21,232,1,28,170,694
490122,0,20,0,79,0,75,0,0,16,0,0,11,81
490130,4,136,0,461,1,425,9,7,113,2,10,81,470
490132,6,228,1,476,3,446,16,12,217,1,15,145,510
490241,22,373,6,952,1,892,25,23,347,4,23,221,1021
490242,5,216,1,581,0,520,12,13,188,2,24,133,607
490311,6,94,2,339,0,312,2,8,86,1,8,62,337
500004,8,134,0,693,1,671,9,6,134,1,16,103,705
500005,7,299,4,968,1,912,8,12,269,4,14,168,993
500007,1,73,3,265,2,249,4,6,65,1,9,47,273
500009,2,84,0,317,3,300,7,4,72,0,6,55,331
500012,0,51,2,275,0,266,3,1,44,0,6,31,282
500014,1,37,1,161,0,165,4,1,41,0,3,28,172
500015,6,241,5,757,2,732,13,18,233,3,17,140,802
500017,2,20,1,73,2,66,3,4,14,2,2,9,83
500018,5,104,1,375,1,353,13,9,95,0,15,79,367
500020,7,209,3,728,1,686,11,14,189,7,20,132,756
510005,17,542,3,722,9,669,20,32,540,8,37,435,783
510007,5,571,1,1020,3,953,19,18,533,3,29,342,1125
510009,15,573,9,1112,3,1049,21,14,545,4,34,380,1203
510011,6,231,2,388,3,352,10,15,232,0,27,178,400
510013,8,316,1,581,1,550,18,19,312,1,21,226,620
510017,2,232,4,90,3,85,7,14,238,0,9,162,110
510021,13,472,2,294,3,275,11,23,493,5,24,367,356
510022,8,452,1,629,2,611,18,18,459,5,20,289,704
510023,6,591,0,200,0,208,15,14,614,8,17,456,269
510028,3,233,2,226,5,229,8,9,238,3,10,175,262
510033,6,334,2,1035,4,965,15,17,297,2,28,235,1048
510036,2,135,0,67,0,61,3,4,138,3,8,95,84
510037,12,208,0,537,1,506,9,10,197,1,9,146,546
510038,5,376,3,717,2,710,9,9,370,5,14,210,828
510040,4,86,2,241,1,223,3,5,79,1,7,59,247
510041,16,594,4,1627,4,1518,29,34,548,11,50,398,1705
510044,3,97,3,441,0,402,9,7,73,0,13,68,430
510045,4,156,0,437,2,421,8,6,151,3,13,90,467
510046,11,292,1,750,4,699,14,17,268,1,17,173,795
510047,12,278,3,405,4,375,8,6,260,4,14,217,422
510049,0,79,1,212,0,196,3,2,72,1,12,49,219
510050,0,93,0,148,1,140,2,8,93,2,5,66,151
510051,1,37,0,103,0,92,3,1,28,0,3,23,104
510052,3,80,0,232,0,220,2,4,77,0,2,41,243
510053,11,118,1,418,3,399,9,8,112,1,8,88,430
510055,14,512,2,1554,2,1448,17,43,469,5,26,314,1621
510056,2,36,0,136,0,131,0,1,36,0,2,32,131
510057,0,8,0,33,0,29,1,2,7,0,2,11,29
510058,2,130,2,401,0,363,6,9,105,1,9,89,395
510059,5,181,5,606,1,566,7,7,148,4,11,90,623
510060,4,42,0,184,0,172,4,1,34,1,2,24,186
510061,2,116,1,277,2,259,6,6,108,0,9,92,278
510064,9,180,2,703,4,653,5,13,153,2,12,124,698
520101,4,148,2,588,1,553,4,11,127,0,8,79,622
520102,1,28,1,149,0,144,2,3,27,0,2,23,149
520103,3,44,2,164,2,153,2,7,41,0,4,22,179
520104,2,48,1,207,0,196,3,5,47,0,7,40,212
520105,1,101,1,103,0,105,1,4,109,1,4,77,122
520106,3,20,0,88,0,83,1,0,20,1,5,11,95
520201,0,153,0,468,1,435,14,8,129,4,20,87,499
520202,5,86,2,251,2,245,8,4,84,1,6,60,261
520203,5,70,0,232,1,214,7,5,61,3,9,54,246
520301,0,77,0,378,0,356,3,3,65,1,8,43,386
520305,8,174,4,659,0,621,19,14,163,3,32,112,704
520307,7,149,3,534,2,498,9,7,130,2,18,87,565
530101,5,99,0,454,0,422,7,8,86,0,12,73,447
530102,2,135,0,532,1,508,9,8,124,1,13,84,549
530103,2,57,0,234,1,223,2,5,53,0,5,40,239
530201,5,52,0,309,1,294,5,3,47,0,8,40,306
530202,2,37,0,299,0,285,1,4,32,0,2,24,301
530203,4,121,0,426,1,395,7,14,110,1,9,81,434
530204,1,44,0,229,1,213,3,1,33,0,7,25,229
530301,6,110,0,554,0,504,7,18,90,1,11,70,543
530302,1,93,1,237,1,215,4,4,79,0,8,72,234
530303,3,45,1,205,2,190,7,4,37,2,10,37,205
530304,2,21,0,131,0,125,2,0,21,0,5,12,136
540101,0,107,1,683,0,663,8,11,99,1,9,79,684
540102,1,128,0,58,1,58,3,6,134,1,0,73,69
540103,0,36,0,125,2,112,1,3,27,0,3,11,133
540105,4,48,1,137,0,120,4,2,37,0,4,41,130
540206,3,57,1,292,1,267,2,4,42,1,7,37,295
540207,1,36,0,111,1,96,3,2,23,0,2,27,104
540208,2,67,0,266,2,259,5,9,66,1,4,46,278
540209,4,136,1,405,2,377,7,9,125,2,12,77,428
540210,3,40,0,169,2,160,2,1,33,0,3,34,160
540311,4,86,2,250,1,228,0,3,76,1,3,52,252
540312,4,128,1,306,2,296,6,6,129,0,9,85,317
540313,0,30,1,103,0,98,0,0,24,3,1,16,107
540314,3,92,0,153,1,131,8,6,81,2,12,54,167
550001,5,310,4,298,5,293,8,16,319,6,16,238,340
550002,2,226,1,432,5,407,14,16,222,7,26,185,446
550003,8,246,2,515,3,500,17,10,249,1,22,193,532
550004,15,244,1,634,4,606,29,10,225,6,23,175,664
550005,7,270,1,455,5,439,22,16,265,8,21,208,495
550006,2,214,2,390,0,364,6,12,218,3,19,193,379
550007,6,252,3,617,4,566,11,12,228,2,22,156,648
550008,4,74,0,261,1,254,5,3,76,1,7,53,263
550009,5,178,1,376,5,360,17,11,179,2,24,144,411
550010,7,151,0,312,1,296,18,4,138,2,15,106,319
550011,7,259,1,341,1,318,20,12,259,1,23,197,377
550012,7,376,1,498,3,486,11,15,390,5,21,259,555
550013,8,256,1,385,6,363,18,12,254,2,23,196,413
550014,8,287,0,330,1,318,19,8,284,1,14,203,364
550015,6,330,2,445,0,418,15,8,325,4,25,221,499
550016,0,70,0,104,0,103,5,0,68,0,4,43,115
550017,0,0,0,0,0,0,0,0,0,0,0,0,0
550018,1,86,0,330,0,307,6,2,76,1,14,67,321
550019,4,142,3,685,1,646,18,13,137,1,32,119,673
550020,6,271,2,1108,6,1060,34,21,235,4,28,198,1122
550021,15,241,1,1021,1,985,16,15,233,11,19,194,1026
550022,8,123,1,622,3,590,10,9,112,5,18,98,619
550023,9,219,1,773,2,742,19,13,213,5,30,154,806
550024,0,8,0,67,0,63,2,3,8,0,2,7,65
550025,4,106,0,227,0,208,4,4,99,0,7,81,226
550026,4,134,1,507,1,472,11,11,127,1,22,103,507
550027,2,41,0,143,1,131,1,8,43,1,6,33,146
550028,8,346,3,229,6,224,10,14,359,3,16,293,261
550029,11,376,3,632,1,569,26,23,357,8,37,298,627
550030,17,305,4,410,5,392,14,15,317,5,23,251,437
550031,10,334,2,512,1,498,15,16,343,13,26,293,529
550032,10,216,0,441,3,405,21,16,208,3,28,185,443
550033,11,487,5,746,5,712,21,25,476,12,25,365,792
550034,3,175,0,808,2,789,17,6,164,6,23,108,862
550035,10,573,5,1217,2,1179,33,28,566,9,41,404,1333
550036,6,268,1,804,1,799,19,8,275,5,18,149,885
550037,8,253,1,569,1,574,20,12,270,6,22,166,641
550038,9,257,0,454,3,436,18,6,256,2,21,185,494
550039,8,350,3,660,3,638,19,14,357,3,29,255,727
550040,13,393,5,737,2,707,31,14,390,3,44,270,810
550041,8,335,3,590,1,566,15,13,341,6,32,257,629
550042,6,333,1,918,1,916,25,12,343,14,33,225,1004
550043,5,285,3,1432,4,1414,10,7,287,3,25,167,1498
550044,8,414,1,891,6,872,25,16,417,9,33,269,993
550045,8,280,2,997,1,971,15,21,290,10,39,216,1047
550046,11,276,3,296,2,280,14,11,282,3,21,220,331
550047,4,207,1,216,0,187,9,12,205,0,16,157,227
550048,11,327,1,441,4,416,31,11,320,6,35,249,502
550049,4,249,4,322,2,325,27,7,256,3,21,194,364
550050,0,19,0,20,0,21,1,2,21,2,1,12,26
550051,5,374,1,518,2,498,23,12,384,4,35,265,563
550052,4,228,1,477,2,451,16,9,214,2,19,125,530
550053,11,333,0,517,6,475,16,10,314,1,21,243,550
550054,8,274,4,585,1,568,26,10,275,8,39,208,627
550055,10,274,1,552,4,542,33,8,276,2,34,207,603
550056,10,275,1,550,3,542,22,9,278,6,24,188,609
550057,6,295,0,452,0,440,21,10,299,4,22,215,495
550058,12,314,5,1115,1,1113,23,15,326,13,30,211,1198
550059,2,203,1,986,4,965,11,17,201,6,24,129,1023
550060,8,330,0,1123,2,1104,24,11,330,8,35,219,1186
550061,6,267,4,916,1,906,18,11,269,2,29,169,988
550062,7,326,0,842,3,848,35,11,315,14,23,202,948
550063,3,134,0,445,1,450,12,0,141,1,12,75,491
550064,5,353,0,1435,4,1434,27,11,356,5,27,241,1512
550065,7,235,0,802,0,787,8,3,229,1,10,139,847
550066,7,517,1,147,0,141,9,13,520,10,5,349,196
550067,14,200,2,1054,1,982,17,20,171,2,27,158,1037
550068,4,140,0,772,1,736,10,11,131,2,19,106,770
550069,8,171,2,838,0,781,23,16,146,3,27,140,833
550070,7,133,0,702,1,647,4,13,108,3,17,97,696
550071,9,162,2,900,2,851,13,16,149,3,27,139,889
550072,8,182,1,650,0,604,17,15,164,4,23,142,651
550073,3,62,2,221,0,204,2,2,54,3,9,35,226
550074,1,169,0,66,1,62,1,4,176,1,4,106,73
550075,14,480,1,311,2,299,13,18,500,3,16,376,345
550076,9,181,4,754,2,725,21,12,182,5,37,161,764
550077,12,451,5,239,5,222,8,17,468,4,24,351,284
550078,11,412,1,164,3,170,10,11,430,4,10,319,214
550079,9,583,1,181,5,183,21,21,603,9,24,467,239
550080,25,628,2,779,7,740,32,27,640,4,39,502,834
550081,7,287,1,428,3,408,16,14,286,5,18,218,465
550082,9,163,1,201,2,199,9,6,175,3,11,144,212
550083,13,390,1,520,7,498,30,27,412,3,39,345,549
550084,9,256,1,379,4,348,17,18,263,5,32,211,402
550085,11,399,0,537,5,493,26,30,402,3,34,308,570
550086,8,453,3,636,6,620,32,24,457,8,36,336,712
550087,5,254,0,225,1,222,11,18,277,7,20,223,248
550088,6,239,1,98,3,96,3,8,245,5,4,189,122
550089,7,380,1,211,0,200,7,11,384,6,10,276,242
550090,1,69,0,45,0,50,3,2,77,1,4,51,48
550091,2,89,1,99,1,98,4,4,89,3,6,75,104
550092,19,509,2,662,5,647,17,25,542,7,26,403,732
550093,6,195,1,447,2,426,11,9,183,3,10,130,480
550094,5,287,2,645,2,610,15,14,275,4,24,204,689
550095,5,207,0,484,1,480,13,11,217,1,12,132,530
550096,12,421,2,635,5,575,28,28,407,2,39,350,654
550097,4,238,1,479,1,459,7,11,228,5,12,175,511
550098,11,407,0,1079,7,1018,28,20,378,5,38,288,1129
550099,4,272,1,481,0,491,8,6,284,6,11,178,556
550100,2,272,2,612,1,630,14,5,289,7,17,137,731
550101,1,83,0,271,2,294,9,2,104,1,6,53,308
550102,9,342,0,655,1,653,21,4,343,3,17,208,752
550103,4,308,2,322,3,307,17,12,309,2,20,219,377
550104,4,335,0,240,3,242,17,8,341,6,14,221,322
550105,8,336,0,429,3,416,16,4,332,1,14,210,500
550106,5,317,3,525,2,509,15,8,316,1,21,192,598
550107,3,117,1,379,2,357,10,5,108,3,19,87,379
550108,1,70,3,211,0,213,3,1,74,3,9,52,226
550109,5,365,2,1029,4,1037,24,12,373,5,28,208,1138
550110,1,105,1,261,0,264,7,7,113,3,11,65,296
550111,4,334,3,806,3,797,27,12,333,5,27,207,889
550112,2,55,0,93,1,87,3,3,52,1,3,29,104
550113,2,68,2,136,0,135,9,3,64,0,3,41,152
550114,4,461,1,64,3,69,5,7,467,6,5,320,120
550115,7,669,0,55,2,54,7,11,684,1,8,496,105
550116,7,239,0,146,1,142,14,4,243,1,12,193,184
550117,14,744,4,126,2,120,5,19,765,12,14,556,181
550118,15,622,1,234,6,235,23,21,648,8,24,516,296
550119,0,57,1,72,0,76,0,2,59,2,1,31,90
550120,11,548,2,168,3,167,18,15,570,7,23,432,223
550121,13,803,2,218,3,213,24,26,816,14,25,643,320
550122,13,490,1,191,6,177,19,17,508,7,30,420,233
550123,9,485,3,220,3,217,14,6,485,6,15,342,302
550124,6,351,1,267,3,258,9,11,360,6,20,255,316
550125,9,285,1,116,4,112,13,9,292,3,14,233,137
550126,14,472,2,275,1,267,20,17,491,9,22,379,331
550127,7,305,1,536,0,533,13,6,321,1,23,233,588
550128,9,411,1,541,4,509,18,21,419,8,33,316,603
550129,1,317,1,317,4,310,15,18,336,3,26,242,371
550130,18,444,2,734,0,701,27,28,457,5,34,315,826
550131,0,188,0,489,2,481,10,7,185,7,14,133,516
550132,4,255,1,530,1,520,12,3,253,1,12,175,564
550133,6,409,2,638,2,614,33,7,392,8,28,263,720
550134,5,467,3,952,4,930,30,18,471,4,41,319,1023
550135,5,231,1,378,1,361,10,11,224,2,12,160,415
550136,12,542,3,1089,2,1047,33,12,526,8,44,360,1196
550137,1,390,1,1165,3,1159,32,14,380,11,32,241,1249
550138,9,167,2,597,1,577,14,8,156,2,12,129,605
550139,4,623,1,1498,6,1474,37,23,629,5,37,399,1631
550140,3,246,1,565,1,571,14,8,268,3,18,159,630
550141,10,445,0,1069,1,1038,29,12,446,2,42,303,1148
550142,9,588,1,791,1,751,33,20,589,6,49,410,867
550143,4,210,1,519,1,519,14,11,224,2,15,156,553
550144,1,266,1,481,1,467,11,7,272,2,25,168,529
550145,1,197,0,536,0,538,7,3,206,4,18,129,583
550146,8,344,3,615,3,622,28,7,348,4,25,214,718
550147,1,95,0,231,1,224,3,4,97,0,7,54,254
550148,8,418,2,703,0,682,22,12,412,3,24,273,778
550149,7,294,2,748,1,725,12,11,286,7,21,197,776
550150,12,442,1,674,5,663,15,13,462,5,25,322,744
550151,10,480,0,882,4,858,37,18,479,4,42,344,949
550152,10,510,1,750,0,712,19,20,505,6,24,334,834
550153,5,380,6,680,4,647,21,16,378,3,32,273,738
550154,15,474,0,839,4,800,20,13,481,9,43,349,883
550155,4,144,2,239,0,241,7,4,154,3,11,113,258
550156,10,573,4,552,8,534,25,19,567,4,25,425,625
550157,0,27,0,11,0,11,2,2,25,2,0,21,16
550158,7,446,1,519,3,490,17,19,448,7,32,314,581
550159,18,495,3,685,2,653,21,27,509,4,28,365,742
550160,2,274,1,759,2,743,10,12,274,4,14,175,814
550161,12,445,0,288,2,264,12,17,465,8,33,341,346
550162,8,248,1,480,4,456,14,18,253,4,24,195,497
550163,10,397,0,504,7,473,17,20,400,5,27,308,523
550164,4,216,0,434,2,415,9,11,216,1,14,169,451
550165,16,331,0,1012,1,943,13,11,324,4,48,245,1032
550166,1,67,2,172,0,160,2,5,61,2,6,48,178
550167,6,180,2,225,2,213,8,13,187,0,10,140,237
550168,1,89,0,125,0,119,6,3,88,1,6,65,138
550169,10,375,2,307,2,293,17,10,382,3,19,284,343
550170,8,288,2,264,3,250,10,8,294,6,19,221,290
550171,6,381,3,261,6,261,18,19,403,3,23,284,331
550172,14,476,4,435,4,398,23,21,478,6,34,379,478
550173,8,396,2,530,4,508,20,19,398,5,25,308,563
550174,4,206,0,248,0,233,8,9,211,1,13,159,259
550175,4,136,1,143,0,142,5,6,141,5,6,103,160
550176,10,334,2,470,3,453,19,21,355,5,30,265,527
550177,12,348,1,427,4,392,13,11,341,4,21,252,460
550178,5,260,2,342,1,325,15,5,256,6,22,168,382
550179,8,400,2,410,3,403,20,6,402,4,21,268,467
550180,3,266,1,283,3,275,16,7,266,2,17,190,330
550181,4,190,1,203,1,202,10,3,196,0,12,129,234
550182,5,305,1,147,4,152,15,8,325,3,22,258,180
550183,11,446,1,392,1,361,22,18,442,8,27,304,449
550184,13,490,3,357,1,320,21,16,493,7,39,371,414
550185,4,174,1,113,1,107,4,6,177,2,8,128,134
550186,5,270,4,165,0,170,11,7,284,5,15,197,212
550187,2,54,1,62,0,55,1,3,52,0,0,39,66
550188,0,2,0,0,0,0,0,0,2,0,0,2,0
550189,2,95,1,104,0,99,2,3,96,0,3,74,109
550190,4,296,0,112,2,97,21,6,292,3,25,218,132
550191,4,338,3,165,1,152,17,11,339,1,17,232,208
550192,3,580,0,275,2,273,24,11,592,9,28,396,384
550193,3,380,1,218,0,214,12,11,390,1,16,261,300
550194,6,447,3,233,3,204,16,15,444,2,22,340,263
550195,7,566,0,449,5,418,13,12,568,7,31,363,541
550196,6,344,4,553,3,549,19,12,349,6,23,237,635
550197,9,492,0,233,2,217,14,16,496,4,16,344,318
550198,4,391,0,248,3,241,21,7,383,2,16,268,315
550199,3,268,4,213,1,213,15,6,267,6,16,140,309
550200,9,706,4,281,5,278,36,12,717,8,44,491,414
550201,6,424,2,215,3,214,13,13,441,7,29,301,296
550202,5,310,0,162,4,155,14,3,306,3,12,207,196
550203,1,421,1,204,1,191,20,7,410,5,23,301,257
550204,6,741,0,420,3,415,27,9,748,8,33,438,603
550205,5,379,2,246,2,236,33,12,385,4,37,253,334
550206,2,130,0,106,0,95,8,6,127,0,6,92,107
550207,10,440,1,273,5,274,12,19,475,7,30,341,341
550208,1,2,0,10,0,8,0,1,2,0,0,3,9
550209,3,364,3,243,2,237,7,14,386,3,16,255,279
550210,7,310,3,246,1,233,8,9,316,3,16,251,266
550211,8,286,2,200,6,192,4,9,292,2,10,218,231
550212,6,205,1,182,1,177,8,5,212,3,9,142,204
550213,6,163,2,110,0,104,1,9,171,2,4,128,135
550214,3,171,1,169,1,167,6,7,178,1,10,132,188
550215,7,285,1,255,3,248,7,18,296,5,12,225,277
550216,0,21,0,5,0,6,0,0,21,0,0,11,6
550217,5,292,0,264,1,267,7,11,321,5,24,229,302
550218,11,306,4,438,5,416,12,21,311,6,13,224,469
550219,3,198,0,216,0,214,9,6,210,0,14,164,240
550220,7,398,0,391,5,363,9,11,390,3,15,286,431
550221,7,315,0,414,2,408,12,16,330,4,19,255,444
550222,6,248,0,251,3,246,12,12,258,4,12,210,282
550223,5,196,2,168,1,157,9,7,196,3,14,164,184
550224,6,237,1,238,2,226,6,12,247,2,13,166,266
550225,1,38,0,40,0,35,0,0,36,0,2,18,39
550226,11,263,3,282,0,265,11,17,276,9,21,214,302
550227,9,206,0,247,3,228,8,8,212,1,18,159,269
550228,11,206,3,305,2,286,11,14,216,2,20,159,333
550229,4,237,3,375,2,360,7,13,240,3,12,174,388
550230,1,229,1,374,3,372,8,12,242,2,15,172,400
550231,3,195,0,268,3,247,9,10,191,2,17,142,285
550232,10,234,1,447,2,426,10,14,239,7,23,194,462
550233,2,91,0,173,0,165,6,9,99,3,11,71,173
550234,12,242,2,294,2,273,8,5,236,0,10,171,314
550235,7,273,1,200,4,190,7,21,298,1,15,220,234
550236,0,0,0,0,0,0,0,0,0,0,0,0,0
550237,0,1,0,0,0,0,0,0,1,0,0,1,0
550238,0,0,0,0,0,0,0,0,0,0,0,0,0
550239,12,565,1,259,4,257,31,14,577,7,28,439,352
550240,10,478,1,62,4,68,6,14,500,5,5,346,112
550241,3,386,0,84,2,88,7,8,391,6,10,267,157
550242,8,371,0,18,1,21,6,8,384,8,10,280,58
550243,11,492,1,34,3,42,6,10,513,3,5,387,76
550244,15,496,0,34,3,37,3,8,522,9,12,393,82
550245,7,547,3,25,3,39,7,9,573,4,13,407,88
550246,5,109,1,115,2,108,6,6,110,3,7,75,128
550247,3,268,0,193,4,169,3,13,275,2,22,206,218
550248,12,497,2,286,8,272,14,18,507,3,17,369,334
550249,11,489,0,479,5,480,20,16,516,6,29,371,531
550250,7,424,0,526,3,503,27,15,433,4,37,331,576
550251,10,587,6,695,1,680,36,31,613,7,46,506,747
550252,10,230,3,902,1,864,9,17,230,3,24,160,931
550253,6,84,0,377,2,360,9,5,84,1,17,80,375
550254,10,268,2,1125,4,1100,24,23,272,4,31,208,1145
550255,0,0,0,0,0,0,0,0,0,0,0,0,0
550256,0,0,0,0,0,0,0,0,0,0,0,0,0
550257,0,76,0,55,0,49,5,5,76,0,4,54,59
559999,534,63659,169,35432,276,36215,1558,889,64978,287,1435,36556,50989
560004,3,57,1,60,2,60,1,2,59,0,1,42,67
560007,5,145,1,223,0,207,5,6,141,0,8,90,250
560008,9,323,2,531,5,518,12,18,337,7,24,266,560
560009,10,646,1,242,4,247,12,15,677,5,18,474,315
560010,0,63,0,185,0,171,3,7,57,0,4,29,202
560011,13,470,4,824,5,780,16,30,473,4,27,334,879
560013,2,110,0,276,0,259,2,4,99,0,3,66,282
560014,2,93,1,190,0,176,2,7,94,1,11,71,206
560015,7,253,1,530,0,496,17,7,232,5,21,177,558
560016,8,145,2,380,0,342,5,6,130,0,14,95,379
560018,3,141,1,316,1,272,7,11,120,2,16,95,317
560019,5,118,2,270,0,247,8,4,103,0,9,82,270
560020,8,418,2,1036,1,984,22,18,389,3,19,275,1080
560021,4,131,0,191,2,183,3,4,129,2,5,86,209
560026,10,201,0,572,0,537,12,8,183,3,13,135,593
560027,5,141,1,429,0,405,6,11,139,3,14,96,449
560029,14,301,1,1229,3,1175,19,26,298,5,34,214,1251
560031,0,47,0,211,0,198,0,4,42,1,4,26,215
560032,7,154,1,265,0,242,2,8,151,2,7,91,277
560033,3,125,1,295,3,285,4,8,124,4,9,97,304
560034,3,78,0,304,0,287,5,4,72,1,10,64,304
560035,2,83,2,281,1,264,7,4,71,0,10,52,279
560036,3,205,1,582,2,544,6,10,183,1,10,140,597
560038,0,62,1,246,2,235,5,7,54,1,4,41,251
570101,1,19,0,174,0,164,0,3,20,0,2,12,171
570102,0,22,0,167,0,165,5,5,24,0,3,23,162
570103,2,47,0,219,2,211,4,5,45,2,6,44,219
570105,5,200,3,697,2,644,6,16,179,5,17,127,709
570106,1,6,0,71,0,69,1,1,6,0,1,5,69
570107,9,357,1,719,6,673,23,19,323,5,22,233,769
570108,4,208,0,457,0,420,8,13,193,7,19,139,471
570109,3,170,1,735,1,716,15,15,170,2,20,134,757
570110,4,101,1,672,2,641,0,6,85,1,10,64,668
570111,2,38,0,239,0,234,5,6,38,0,2,35,240
570112,3,96,0,474,1,442,3,7,86,1,13,68,466
570113,0,14,0,40,0,35,1,0,14,0,4,9,41
570201,7,506,2,1772,4,1660,46,39,448,7,61,364,1816
570202,17,1394,1,231,6,226,14,22,1409,15,16,965,394
570203,22,570,2,2315,6,2157,32,40,496,11,68,388,2344
570204,10,214,0,626,2,573,11,8,194,0,23,124,647
570205,0,86,0,175,0,159,7,9,85,1,13,70,182
570301,1,197,2,403,3,383,6,13,181,4,9,131,427
570302,5,35,1,109,1,97,2,0,29,0,2,20,104
570303,4,84,0,374,0,354,5,7,80,0,9,55,375
570305,4,100,0,384,1,359,0,4,86,2,7,66,389
570306,6,99,0,448,1,412,3,7,79,2,7,71,447
570307,4,244,2,472,1,425,5,11,219,3,16,161,483
570308,8,310,1,926,5,885,20,18,294,4,29,200,980
570309,5,104,1,524,4,504,17,10,95,2,22,89,530
570310,4,866,2,124,0,123,5,15,878,7,5,650,211
570311,0,60,0,79,1,79,1,3,61,2,1,30,102
570312,5,189,3,495,2,466,12,12,185,1,22,111,527
580002,18,231,0,446,1,357,8,13,187,1,22,124,464
580003,15,304,1,502,1,398,16,15,241,3,28,167,530
580004,6,166,0,238,0,195,6,5,143,2,10,85,264
580005,6,158,1,305,0,243,9,17,137,2,22,122,295
580007,18,329,2,765,1,625,12,23,248,1,30,168,787
580008,3,83,0,197,0,153,3,7,64,1,16,54,190
580009,4,132,1,277,0,235,5,9,108,2,9,79,269
580011,8,219,1,421,2,348,13,16,183,1,26,148,421
580012,9,154,2,333,5,268,8,15,112,1,8,99,331
580014,18,262,0,704,4,580,10,22,201,0,25,172,690
580023,12,256,5,763,0,674,12,29,222,3,27,183,734
580025,6,138,1,518,0,476,8,9,120,2,17,95,516
580026,7,178,0,721,2,664,7,16,166,1,24,133,709
580028,18,292,4,1006,4,900,7,33,254,5,24,198,1023
580031,11,280,1,811,4,698,6,19,223,0,25,152,804
580034,9,101,4,538,0,469,4,19,77,1,18,87,513
590104,6,141,3,542,1,508,4,9,125,2,11,97,538
590111,1,67,0,292,2,270,4,9,61,3,12,45,302
590112,3,45,0,211,2,194,4,4,32,1,3,28,209
590118,5,156,0,753,2,714,15,15,146,1,21,107,760
590202,17,406,4,839,2,780,29,28,386,6,34,294,898
590215,2,41,1,117,0,112,2,2,40,0,3,21,125
590217,7,166,2,595,3,557,7,19,156,6,13,98,617
590307,9,243,2,971,4,927,20,18,233,0,28,149,993
590309,3,50,1,241,0,227,8,9,48,0,9,41,237
590314,9,144,1,706,4,648,10,20,136,0,32,111,704
600001,2,165,0,186,1,175,16,4,160,2,17,115,207
600002,17,433,3,523,3,489,36,20,441,4,48,318,602
600003,2,228,2,284,3,272,12,13,228,2,12,153,326
600004,12,639,4,591,5,578,37,13,635,2,39,390,769
600005,1,170,0,212,0,216,11,7,172,4,9,105,264
600006,18,760,2,728,4,687,46,23,748,10,45,497,901
600007,6,341,2,207,2,188,23,9,340,4,30,271,257
600008,7,427,1,308,0,284,17,8,425,5,28,256,392
600009,6,707,5,683,5,700,38,18,729,8,34,384,934
600010,3,318,2,218,0,200,16,16,325,4,24,209,289
600011,2,149,0,140,1,140,8,3,144,4,4,87,187
600012,7,165,0,114,3,116,10,7,179,3,13,117,161
600013,7,680,3,778,3,747,37,23,668,8,40,445,928
600014,0,19,0,15,0,15,2,0,19,0,2,10,23
600015,9,464,1,319,1,313,34,7,468,6,33,292,434
600016,13,1134,4,1324,7,1331,69,22,1144,11,53,620,1676
600101,12,202,1,699,1,650,6,17,193,5,25,156,707
600102,7,255,3,729,2,687,8,16,252,0,30,174,780
600103,6,231,2,642,2,590,15,13,212,3,32,168,662
600104,10,173,1,845,1,817,6,5,163,3,13,110,870
600201,13,223,2,754,1,707,17,10,211,1,24,138,779
600301,14,557,9,1678,3,1600,39,26,531,7,63,374,1787
600401,8,857,3,1317,4,1290,41,27,861,8,55,460,1608
600402,8,324,4,551,3,544,19,10,329,4,26,186,653
600403,6,253,1,537,0,513,16,5,248,0,26,169,590
600404,1,76,0,119,1,116,6,3,80,1,12,54,143
600405,8,323,1,946,3,914,24,14,307,4,28,200,1034
600406,2,165,2,658,0,624,11,7,149,1,23,106,680
600407,4,273,3,820,6,783,17,24,267,6,26,175,889
600408,0,96,0,187,2,173,12,5,86,0,12,50,210
600409,7,203,0,701,2,655,24,13,190,3,37,139,732
610001,0,55,0,49,1,42,1,2,52,0,2,33,51
610003,5,206,2,405,1,369,12,17,204,2,25,153,422
610004,10,262,1,733,0,703,24,17,252,5,22,187,746
610005,3,140,0,321,0,306,14,7,130,2,8,107,333
610006,3,140,0,361,2,350,6,2,138,0,15,95,368
610007,2,130,0,371,1,371,8,6,141,3,13,101,392
610008,3,140,0,324,1,294,3,11,135,0,13,107,328
610011,9,231,1,655,1,616,15,20,225,4,28,188,669
610014,8,230,3,652,2,593,12,21,209,3,27,173,657
610015,1,82,1,67,1,66,0,2,82,2,2,57,73
610019,0,44,0,199,0,186,2,2,39,0,5,32,196
610020,2,14,0,94,0,87,0,3,12,0,0,7,98
610021,2,92,1,544,1,528,7,6,83,1,5,68,539
610023,0,17,0,127,1,127,0,0,16,0,0,10,127
610026,3,71,0,344,1,328,12,8,62,1,9,57,344
610027,8,261,2,876,2,837,10,8,240,1,13,156,911
610028,1,46,1,174,0,165,4,3,38,0,1,30,170
610029,0,72,0,222,0,203,3,3,60,1,7,46,224
610030,0,36,0,211,2,195,1,5,30,1,6,21,211
610031,3,94,0,379,0,360,4,7,87,0,5,66,376
610032,4,251,3,809,3,775,8,6,237,3,19,131,860
610033,2,81,1,293,1,269,0,15,79,0,8,76,285
610034,10,168,1,521,1,479,9,7,143,6,14,109,520
610035,7,126,0,326,0,296,4,4,113,2,8,70,325
610036,2,55,0,170,0,156,5,4,47,1,4,38,167
610037,4,96,1,681,0,661,3,9,98,2,12,74,689
610038,1,6,0,38,0,37,1,1,6,0,0,2,36
610039,5,69,0,364,0,357,5,3,67,1,3,46,372
610040,3,65,0,347,1,334,3,9,62,0,3,41,362
610041,6,172,2,541,0,501,6,13,159,3,17,126,533
610042,8,123,0,458,1,425,5,6,105,4,13,80,461
610043,1,53,2,296,0,283,2,5,49,2,7,43,286
610044,5,109,1,453,1,421,1,7,94,2,11,77,450
610045,0,2,0,6,0,6,0,0,2,0,0,0,8
610046,3,50,0,238,0,223,0,4,42,2,2,43,230
610047,1,90,0,340,0,325,5,5,83,1,5,54,341
610048,0,29,0,115,0,107,0,2,24,1,2,17,117
610049,2,74,0,463,0,456,0,6,79,2,2,63,449
610051,1,39,1,189,0,181,1,3,34,0,1,28,188
610052,0,3,0,21,0,19,0,1,2,0,0,1,22
610053,0,8,0,74,0,65,2,3,8,0,6,10,69
620013,12,405,3,612,2,596,21,16,404,13,20,275,681
620016,14,445,2,995,6,952,30,13,430,9,40,278,1102
620022,8,303,4,450,1,440,23,11,313,4,26,222,521
620025,14,386,6,1004,7,985,30,18,392,9,36,283,1084
620031,20,483,1,710,9,667,27,32,497,5,36,396,748
620051,1,64,0,366,1,356,5,6,57,2,3,49,359
620052,5,200,2,376,0,358,8,10,198,0,7,133,401
620053,9,454,2,916,0,901,31,5,443,3,25,277,1011
620054,3,25,1,153,1,150,3,3,27,0,4,23,157
620055,1,37,0,225,0,216,4,4,37,0,7,26,232
620056,1,70,2,229,1,225,6,5,68,2,8,61,228
620058,4,253,0,696,5,670,15,2,234,6,24,181,744
620059,5,107,0,489,0,469,6,4,105,1,15,79,492
620060,7,251,2,679,1,634,10,21,239,4,20,178,718
620061,1,54,0,221,0,215,5,4,56,0,8,37,225
620062,6,154,1,514,1,500,8,8,158,2,13,126,531
620063,4,66,0,330,0,321,7,6,68,5,13,57,331
620064,3,126,2,499,0,490,7,1,121,2,10,75,524
620065,0,107,0,457,2,433,5,8,103,2,17,80,458
620066,3,119,1,503,1,476,7,12,113,0,14,90,512
620067,7,59,0,381,1,364,3,2,54,0,5,42,375
630001,3,137,3,418,1,404,9,5,131,2,15,102,433
630002,4,218,1,428,2,401,11,9,211,3,20,171,443
630003,15,421,5,598,3,570,24,16,427,4,35,347,643
630006,9,324,1,502,1,480,22,13,314,8,23,238,561
630007,10,388,3,646,6,598,24,13,356,8,29,270,694
630009,17,438,5,1120,9,1080,20,13,411,9,30,319,1183
630011,14,585,3,1263,9,1198,32,28,556,6,41,377,1378
630012,7,407,0,729,5,694,23,16,387,6,26,269,812
630013,8,472,2,1055,4,1025,24,17,457,5,16,282,1155
630015,12,499,2,810,6,780,15,25,513,5,29,331,917
630018,14,402,2,724,5,682,23,30,397,6,30,284,813
630021,4,151,0,540,2,519,6,5,142,0,9,98,540
630022,13,308,4,1316,5,1256,13,20,289,4,29,239,1317
630024,14,321,0,1332,0,1282,19,13,315,3,30,228,1379
630025,10,229,1,738,3,690,21,8,200,6,30,187,748
630026,8,218,2,771,1,728,10,10,190,5,14,140,788
630027,6,191,3,700,1,660,12,12,168,3,19,138,714
630029,17,364,8,1024,1,966,25,16,350,5,38,247,1060
630030,19,493,0,1359,3,1288,40,27,465,5,47,369,1421
630031,19,525,3,1760,6,1661,33,35,484,12,52,391,1794
630033,6,135,0,463,0,439,4,8,125,0,4,85,484
630037,4,96,1,542,0,512,5,11,94,4,18,82,530
630038,3,101,1,347,0,341,1,2,97,1,1,57,373
630040,5,73,0,338,0,316,7,3,62,0,8,44,344
630041,3,104,0,461,1,447,6,4,97,2,6,62,473
630042,3,46,0,256,2,240,2,4,37,1,5,25,261
640001,2,57,0,267,1,242,4,6,49,0,13,51,255
640002,6,137,2,683,1,658,4,13,143,2,16,112,665
640003,5,69,2,368,0,345,7,5,62,1,12,52,360
640004,3,79,0,407,1,391,4,7,72,1,4,54,395
640007,1,43,0,213,1,210,0,0,43,0,0,26,207
640008,1,25,0,158,0,158,0,1,28,1,2,16,160
640009,1,43,1,234,1,219,0,3,42,0,7,26,220
640010,2,15,0,102,0,100,1,1,16,0,1,19,95
640011,1,59,1,548,2,530,4,6,53,0,10,44,544
640012,1,15,0,105,0,99,0,0,12,0,1,13,98
640014,0,3,0,111,0,108,1,3,4,0,1,7,104
640015,3,116,2,611,0,583,7,7,102,1,10,70,597
640017,2,53,1,209,0,193,1,1,42,0,3,31,204
650101,3,21,1,163,1,142,1,3,9,1,1,10,159
650102,1,17,0,144,0,136,0,2,16,0,2,11,146
650103,3,36,0,227,0,213,8,0,31,0,12,36,215
650201,2,89,1,374,0,350,5,4,66,1,1,59,376
650202,0,11,1,95,0,92,1,1,9,0,1,8,95
650203,0,9,0,93,1,90,0,1,3,2,0,3,93
650301,2,16,0,144,1,127,0,2,11,0,5,12,132
650302,0,10,0,173,0,168,1,0,8,0,3,7,171
650303,2,24,0,216,0,210,8,2,15,3,4,19,221
660001,12,536,4,1141,5,1063,40,45,513,4,40,364,1220
660002,11,284,3,614,2,557,17,23,283,4,46,237,635
660003,6,349,3,864,3,820,28,22,333,5,40,281,883
660004,13,479,6,1100,1,1020,32,17,436,6,53,324,1151
660005,3,190,1,723,1,689,15,9,163,5,16,125,737
660006,6,228,2,742,2,705,14,19,226,2,27,145,798
660007,17,360,2,1132,4,1050,20,25,349,4,52,275,1161
660008,3,339,0,646,2,607,23,11,320,3,30,189,734
660009,5,112,4,602,2,582,10,9,104,5,16,85,615
660010,13,494,0,1467,1,1379,35,34,475,5,61,372,1511
660011,8,323,1,1225,3,1154,8,20,293,6,26,238,1224
660012,4,66,1,333,1,306,6,8,59,0,11,51,328
660013,12,233,1,856,4,793,9,21,219,0,30,164,877
660014,7,270,0,762,3,733,15,10,256,0,17,158,831
660015,12,325,2,1113,6,1048,21,32,308,3,35,261,1128
660017,8,171,1,620,1,586,6,14,170,1,16,108,634
660018,7,295,0,1194,3,1135,18,20,288,3,48,226,1224
660019,3,158,2,718,1,673,17,15,136,2,22,105,730
660020,17,453,6,1379,4,1293,28,32,420,6,46,325,1442
660021,3,111,1,573,2,557,3,8,113,0,11,76,592
660022,10,236,2,1112,1,1048,10,20,218,1,28,193,1108
660023,18,422,3,1644,2,1523,17,28,364,2,40,311,1643
660024,6,124,0,562,0,527,10,9,111,2,16,89,568
660025,0,66,0,207,1,205,2,3,68,0,2,48,218
660026,9,305,3,1487,2,1429,22,19,271,4,31,218,1502
660027,4,169,3,670,2,634,16,9,147,1,23,117,694
660029,7,160,3,613,1,574,14,15,155,3,32,124,627
660030,13,526,4,2067,4,1992,31,23,514,5,59,367,2143
660031,18,553,4,1424,4,1345,41,37,532,11,63,419,1499
660032,4,191,0,732,1,698,18,18,172,2,13,130,766
660033,1,119,1,414,2,399,3,5,113,3,12,78,432
660110,7,292,1,875,2,813,18,14,269,3,41,212,904
660116,3,169,3,781,1,728,14,22,150,1,25,121,791
660120,3,211,3,918,3,877,14,14,191,1,22,140,935
660128,2,177,0,670,1,626,7,18,161,1,14,111,674
660130,13,730,4,2051,12,1941,53,45,689,10,70,503,2167
670010,7,317,1,612,5,577,11,29,305,11,14,247,639
670012,0,29,0,101,0,96,2,0,22,0,2,18,99
670014,12,214,0,741,1,702,10,8,199,5,17,153,750
670015,4,81,0,349,0,336,9,5,76,2,8,62,360
670020,7,155,0,612,1,584,4,6,141,2,6,87,636
670022,7,249,1,562,1,532,17,10,226,6,16,172,597
670023,5,295,1,655,6,620,16,8,268,1,13,162,710
670024,6,135,1,464,0,433,5,10,122,1,8,85,476
670025,0,34,0,110,0,106,2,2,32,0,1,23,115
670030,2,52,1,198,1,195,2,4,54,1,3,39,202
670032,2,179,0,494,1,481,8,2,171,3,10,113,519
670033,1,25,0,86,0,78,1,3,21,0,1,18,85
670034,10,415,2,627,2,596,15,10,401,6,22,287,671
670035,3,114,1,400,1,390,7,6,112,2,12,66,414
680101,5,197,0,831,0,792,8,13,187,0,11,141,825
680102,6,144,2,476,0,444,5,6,127,2,10,95,478
680103,3,200,2,754,3,709,10,9,172,2,14,117,748
680104,3,125,0,722,0,690,14,7,110,2,15,106,700
680105,5,214,4,702,1,674,14,10,203,4,19,166,707
680106,2,114,0,594,4,559,4,8,96,2,10,78,584
680201,3,65,1,250,0,235,1,6,61,0,5,56,243
680202,6,151,3,386,1,361,5,6,141,1,7,101,386
680203,1,65,2,207,0,199,2,6,67,1,8,47,216
680204,2,40,1,206,0,196,3,2,37,1,4,32,201
680205,5,222,1,743,1,677,5,15,197,3,24,141,745
680206,3,79,1,291,0,270,7,4,70,0,11,60,286
680207,0,118,0,390,0,376,6,11,122,1,5,86,395
680208,3,197,0,506,1,465,10,7,174,5,21,130,509
680209,1,116,0,394,1,366,7,11,107,1,16,79,402
680210,9,126,0,383,0,369,5,1,122,1,5,84,388
680301,9,233,2,682,3,618,7,17,209,1,19,147,678
680302,3,113,0,285,1,252,3,3,99,1,14,77,275
680303,6,222,0,609,4,553,8,17,202,3,14,146,621
680304,5,90,0,464,0,445,5,4,85,1,10,64,459
680305,2,76,0,309,0,285,5,7,69,0,10,57,301
680306,4,132,0,640,2,622,5,4,122,4,7,88,638
680307,6,95,1,363,0,335,6,6,78,3,7,67,366
680308,3,44,1,265,0,243,0,6,40,1,3,31,255
680309,1,74,0,326,0,312,3,4,68,2,6,57,311
680310,1,75,0,335,1,323,4,4,70,0,6,58,328
690001,2,139,2,794,2,789,3,7,147,6,14,101,814
690003,4,156,2,699,2,704,10,6,170,3,11,98,725
690004,5,232,2,678,1,655,14,15,235,6,25,178,706
690008,3,251,2,482,4,458,7,10,253,1,20,180,487
690012,3,197,3,588,0,565,7,11,193,6,20,152,600
690013,1,80,3,189,1,195,2,2,93,1,7,64,199
690014,7,224,1,1133,2,1110,21,10,229,7,30,172,1144
690015,0,38,0,207,0,198,3,3,35,3,8,29,211
690016,8,261,2,1167,2,1135,15,21,272,4,26,207,1200
690019,1,245,1,1133,2,1137,15,12,255,2,13,187,1169
690032,4,181,2,960,1,930,13,14,171,6,20,130,979
690033,11,199,3,1172,3,1157,24,12,199,1,21,149,1193
690041,4,114,2,739,1,717,7,10,111,4,14,100,731
690049,1,28,0,134,0,130,2,0,25,0,2,23,132
690050,11,196,1,1057,1,1031,18,18,205,0,25,150,1075
690051,1,41,1,376,1,363,7,6,38,0,10,38,374
690052,0,34,0,173,0,169,1,1,35,0,2,24,174
690053,1,24,0,193,0,185,1,2,20,0,1,15,191
690054,2,44,1,253,0,239,5,3,34,0,7,39,249
690055,3,48,1,232,0,215,2,4,43,0,6,34,230
690056,1,41,1,354,0,343,5,4,37,0,7,41,345
690057,5,77,3,600,1,588,13,8,76,1,14,72,601
690058,4,42,0,352,0,342,2,1,39,3,2,29,349
690059,0,30,0,275,0,275,6,1,29,0,3,29,271
690060,0,8,0,31,0,32,1,2,9,1,0,6,35
690061,6,71,1,665,0,644,8,11,71,1,13,61,664
690062,2,89,0,546,1,534,7,4,91,1,14,78,536
690063,1,32,0,378,2,376,5,10,39,1,5,40,377
700101,3,73,1,677,0,656,14,9,73,0,20,68,673
700102,6,91,1,217,2,211,4,8,100,2,10,82,228
700104,3,39,0,350,0,345,4,4,43,1,6,32,354
700107,1,19,0,146,0,138,1,0,16,0,6,19,140
700201,3,161,2,731,1,708,18,16,164,1,23,131,736
700202,6,76,3,299,0,287,5,7,83,0,14,69,307
700205,4,112,1,615,2,613,10,6,115,2,12,89,631
700302,0,10,0,153,0,147,0,5,11,0,2,9,151
700303,3,39,0,319,1,309,8,8,42,1,11,41,315
700304,2,67,2,297,2,284,7,10,75,0,16,69,300
700305,7,166,1,701,2,670,18,24,172,5,29,141,722
710001,2,102,0,484,0,482,4,9,112,3,5,68,504
710002,3,82,0,257,0,261,5,7,97,1,6,67,271
710003,2,43,1,107,0,104,1,3,46,1,4,29,109
710004,3,62,0,176,1,176,2,5,70,1,4,46,186
710006,2,23,0,129,0,128,1,0,23,0,0,12,135
710007,4,76,0,304,2,302,3,6,87,0,7,58,308
710009,0,32,0,149,0,152,3,0,34,0,2,18,153
710010,4,93,0,347,0,349,3,2,101,0,3,66,359
710012,0,28,0,123,0,123,2,1,27,1,0,20,124
720001,8,596,1,35,1,47,6,15,622,9,7,492,84
720002,3,581,3,93,4,97,5,12,597,4,14,485,140
720003,4,141,1,205,0,181,5,2,130,1,12,105,197
720004,4,632,3,65,3,74,11,14,647,7,10,512,102
720005,4,341,2,45,3,49,3,4,353,3,8,261,85
720006,15,699,1,48,4,56,12,18,733,9,19,554,111
720007,2,268,2,45,0,41,4,3,277,3,20,237,51
720008,1,320,1,93,1,90,5,9,318,5,7,261,122
720009,2,113,0,26,3,29,2,4,117,1,1,95,37
720010,8,392,0,61,1,66,7,11,415,4,8,330,102
720011,2,277,1,180,3,169,7,14,278,3,9,221,201
720012,2,245,3,129,2,129,4,11,258,3,11,206,154
720013,8,655,1,41,4,44,10,23,681,10,13,550,102
720014,4,534,3,90,3,93,7,14,549,6,14,403,159
720015,8,261,1,90,1,94,6,6,276,4,6,210,121
720016,2,79,0,74,1,72,4,4,82,0,3,65,81
720017,7,163,1,148,1,139,4,4,163,2,5,122,167
720018,4,143,3,167,2,164,11,15,155,3,13,124,186
720019,5,150,1,230,3,218,5,13,154,1,8,125,232
720020,2,184,1,174,2,170,3,5,188,1,9,137,205
720021,0,8,1,40,0,39,1,2,7,0,0,5,43
720022,3,184,0,259,2,245,7,6,178,2,11,136,272
720023,1,97,2,195,0,193,4,9,104,3,9,78,214
720024,8,154,0,270,2,248,7,5,151,2,15,116,279
720025,2,121,0,158,1,151,6,14,127,4,7,95,170
720026,7,215,3,186,1,176,6,11,221,4,11,173,212
720027,3,142,0,198,2,191,4,11,150,0,6,126,210
720028,4,197,1,252,2,239,8,13,207,4,17,168,273
720029,5,223,2,267,0,252,10,11,217,1,9,169,294
720030,4,376,1,285,1,262,12,17,385,3,26,270,349
720031,5,180,1,95,6,97,5,9,184,6,7,147,120
720032,4,264,0,133,2,123,11,9,270,5,18,207,165
720033,4,217,0,123,1,117,17,9,217,3,14,157,159
720034,1,129,2,127,3,116,5,8,126,2,10,93,148
720035,5,479,2,388,4,364,12,18,474,3,18,351,458
720036,12,383,5,383,7,369,13,13,385,3,21,280,444
720037,0,129,0,63,0,60,6,1,125,3,7,98,78
720038,1,166,1,237,1,225,10,14,162,2,8,145,243
720039,6,229,2,351,0,334,16,14,233,1,21,179,378
720040,1,35,0,42,0,41,4,2,32,1,1,32,39
720041,6,157,0,190,1,184,8,2,155,1,4,116,203
720042,2,99,1,308,3,298,11,9,97,2,14,75,321
720043,3,119,1,338,0,318,9,3,115,3,18,106,340
720044,6,220,3,432,3,422,11,12,220,9,15,167,463
720045,0,3,0,6,0,6,0,0,3,0,0,1,7
720046,2,593,2,374,0,367,17,12,597,9,24,363,507
720047,2,91,1,28,0,28,6,2,94,2,8,74,41
720048,1,399,1,294,1,293,17,6,398,7,18,242,377
720049,5,232,1,119,1,120,6,4,243,2,10,151,174
720050,4,226,0,143,1,140,6,1,233,2,14,134,202
720051,6,349,1,230,1,212,13,8,344,6,17,222,292
720052,15,503,4,466,3,458,23,12,498,2,14,320,589
720053,13,368,3,509,5,481,28,30,357,12,22,309,542
720054,9,440,1,445,6,415,23,4,425,8,36,292,508
720055,5,265,1,326,3,309,12,13,268,4,20,190,361
720056,3,295,1,333,1,321,11,13,304,4,19,211,380
720057,2,97,2,201,2,194,5,7,102,0,11,72,212
720058,4,111,1,219,1,207,5,6,111,3,12,91,230
720059,6,165,1,233,1,225,7,7,168,2,11,116,256
720060,13,338,4,269,2,253,19,12,340,4,23,266,321
720061,5,364,0,379,4,370,12,17,383,2,19,282,431
720062,5,426,0,530,1,526,21,6,427,4,23,214,664
720063,5,193,1,170,1,157,11,3,189,2,10,120,214
720064,5,355,3,321,1,304,18,14,357,6,25,226,401
720065,1,257,0,434,2,451,9,2,263,3,8,115,536
720066,0,219,1,332,0,346,7,4,230,3,2,89,427
720067,0,240,0,326,3,334,20,3,235,2,11,143,391
720068,7,237,1,242,0,230,15,9,244,3,21,175,270
720069,3,471,1,601,1,583,33,19,468,5,35,334,687
720070,1,93,1,125,0,124,8,6,99,1,8,73,138
720071,5,467,1,741,2,729,17,6,460,8,24,249,891
720072,1,206,0,304,1,301,12,5,208,1,15,94,394
720073,1,187,1,308,1,314,8,3,196,1,8,96,384
720074,6,281,1,447,0,447,20,5,282,3,16,153,546
720075,4,279,1,207,1,202,18,10,277,3,15,193,273
720076,2,348,0,320,0,295,17,10,338,4,25,224,390
720077,7,348,3,358,0,346,24,11,348,2,23,250,416
720078,7,369,1,467,4,433,20,22,368,4,30,266,511
720079,1,395,2,407,3,400,17,12,394,4,19,249,491
720080,1,77,0,88,2,85,4,6,81,0,6,56,108
720081,5,383,2,412,6,389,13,12,370,6,21,260,473
720082,4,260,0,297,6,285,12,15,264,7,24,185,355
720083,3,318,1,284,1,270,13,5,314,4,20,222,336
720084,2,204,0,276,1,283,8,1,202,2,4,95,370
720085,2,164,2,121,0,115,7,3,156,2,7,106,154
720086,10,276,4,430,1,411,21,17,280,1,21,199,472
720087,2,286,1,350,1,339,10,16,292,8,20,205,406
720088,2,101,1,96,1,98,6,4,107,1,7,87,109
720089,5,200,2,178,1,166,15,8,194,2,14,156,206
720090,3,159,0,158,2,148,8,15,166,5,12,142,163
720091,8,276,0,238,1,230,16,17,290,4,16,228,273
720092,6,203,0,226,2,208,12,13,203,1,12,150,246
720093,0,156,0,261,1,254,11,15,164,4,12,126,279
720094,11,232,0,394,2,384,12,9,231,5,10,176,425
720095,4,216,0,373,0,350,13,11,219,4,26,169,399
720096,2,176,0,250,2,242,10,7,181,1,15,154,268
720097,10,358,2,371,1,352,17,20,364,7,23,294,421
720098,10,230,0,251,2,238,9,10,234,1,9,168,288
720099,7,199,0,213,1,200,11,8,204,1,8,162,227
720100,1,113,1,136,1,135,9,5,113,2,6,83,152
720101,9,416,1,426,4,403,16,21,422,3,19,336,468
720102,5,298,0,340,4,329,5,17,309,6,15,251,369
720103,7,202,1,293,3,268,12,14,201,3,18,178,303
720104,4,212,1,281,1,269,14,8,212,2,14,164,312
720105,6,321,5,329,2,310,16,18,319,4,19,246,369
720106,1,249,0,332,5,320,16,14,249,4,23,201,367
720107,6,340,1,392,2,383,12,11,350,6,16,245,432
720108,8,223,2,268,3,255,14,10,225,4,16,174,294
720109,3,177,1,186,4,175,9,18,188,1,16,164,197
720110,7,315,5,314,7,307,13,19,316,5,11,252,354
720111,7,218,1,218,2,215,8,8,226,2,9,175,239
720112,8,296,2,316,3,299,21,16,305,4,30,255,336
720113,5,240,1,340,2,316,17,16,245,1,25,216,345
720114,1,167,0,185,1,178,7,8,170,2,8,111,214
720115,3,125,0,318,0,320,8,3,133,1,7,73,357
720116,2,149,0,449,1,446,5,4,156,0,9,90,495
720117,10,344,1,817,1,798,29,16,359,11,49,241,905
720118,5,286,0,807,3,778,13,17,295,3,35,196,863
720119,5,161,1,525,2,516,13,6,163,4,20,95,570
720120,3,228,1,361,2,344,20,16,230,4,22,189,383
720121,6,309,0,386,0,376,17,16,324,2,21,178,481
720122,2,109,1,217,0,214,11,9,108,1,5,70,250
720123,8,325,4,536,1,506,13,20,327,2,20,203,617
720124,9,196,2,470,0,445,13,8,190,3,20,117,519
720125,5,238,0,401,3,391,18,8,226,3,13,133,462
720126,3,217,0,456,0,447,6,9,222,3,10,140,504
720127,3,156,0,286,3,270,12,9,159,1,16,129,299
720128,5,359,3,455,0,441,19,17,367,4,23,245,521
720129,6,246,2,402,5,385,25,13,241,3,28,168,464
720130,6,304,0,399,1,388,12,9,300,5,10,204,454
720131,4,130,0,79,0,75,5,4,141,1,9,112,99
720132,2,244,1,431,0,431,9,5,251,2,10,144,503
720133,5,262,1,428,1,411,10,10,261,2,13,159,480
720134,7,256,1,510,1,489,14,11,250,5,19,174,556
720135,9,374,3,789,5,755,25,23,363,9,28,265,853
720136,5,201,2,514,2,513,20,8,209,3,24,147,564
720137,3,255,1,267,1,253,5,15,260,1,9,197,293
720138,1,60,0,70,1,62,2,5,57,1,2,53,71
720139,5,254,0,145,2,133,10,13,259,4,17,205,183
720140,4,220,1,99,1,89,9,9,222,0,7,152,137
720141,14,307,2,653,0,599,20,22,293,2,24,224,655
720142,2,129,1,508,2,485,12,10,111,5,12,105,494
720143,9,169,0,412,0,379,16,16,169,3,23,128,422
720144,15,431,1,779,5,728,31,32,427,9,40,349,814
720145,4,285,1,870,0,846,20,13,288,3,33,190,944
720146,5,245,2,584,1,554,25,13,230,3,24,189,599
720147,8,179,0,110,2,104,5,10,192,3,11,151,127
720148,4,185,1,347,4,323,13,15,179,4,22,159,357
720149,8,157,1,324,1,290,13,14,148,0,12,122,326
720150,7,427,4,1513,3,1468,21,21,412,5,36,283,1592
720151,2,129,1,232,1,226,5,5,135,2,8,82,257
720152,10,326,1,883,3,847,24,11,318,4,41,254,926
720153,5,235,1,722,1,696,22,18,234,8,25,180,765
720154,8,317,0,786,4,747,19,13,304,3,24,197,833
720155,4,357,1,1277,5,1258,21,9,346,6,30,180,1387
720156,5,220,0,222,2,214,12,12,229,3,18,206,238
720157,7,319,0,1149,2,1138,22,10,325,6,24,200,1236
720158,5,231,2,567,3,551,23,6,219,6,22,139,632
720159,2,283,1,608,2,590,20,11,284,4,31,198,660
720160,12,452,1,529,5,502,25,10,451,8,36,312,635
720161,11,273,0,173,3,167,12,14,292,3,16,231,209
720162,5,30,0,97,0,95,1,1,33,1,0,22,107
720163,2,299,1,431,1,432,14,8,308,0,12,173,513
720164,3,123,0,191,1,177,4,4,120,3,12,64,226
720165,2,118,0,285,2,276,16,6,120,1,21,92,310
720166,8,278,3,774,4,743,22,23,277,4,32,212,819
720167,3,198,2,910,2,891,14,9,181,4,11,104,957
720168,4,225,1,468,3,463,11,7,227,4,15,143,529
720169,7,238,2,305,2,288,15,14,240,5,23,189,329
720170,4,105,0,523,0,515,12,5,105,4,12,70,546
720171,4,175,1,438,2,436,14,6,184,4,17,136,472
720172,3,229,2,450,2,432,14,10,223,2,16,165,494
720173,3,230,3,566,2,558,13,7,238,1,21,131,635
720174,0,0,0,0,0,0,0,0,0,0,0,0,0
720175,0,0,0,0,0,0,0,0,0,0,0,0,0
720176,0,0,0,0,0,0,0,0,0,0,0,0,0
720351,16,416,2,1717,2,1654,40,40,424,12,67,314,1789
720352,5,136,0,724,2,698,15,7,138,0,28,116,727
720353,2,31,0,165,0,154,2,3,26,0,3,18,162
720354,1,30,0,154,0,149,1,3,31,0,2,21,158
720355,3,48,0,179,1,172,3,3,51,0,8,41,179
720356,1,48,0,222,0,214,3,0,42,2,8,34,232
720400,10,327,1,1244,1,1182,22,20,311,9,42,234,1283
720401,5,261,0,1095,4,1069,17,12,256,5,31,159,1171
720402,3,248,1,879,0,831,20,14,234,2,34,179,912
720403,10,427,4,1364,3,1298,30,30,412,3,49,310,1426
720404,7,186,1,792,2,770,8,11,184,4,17,127,828
720405,0,54,0,195,0,191,1,1,50,3,3,41,198
720406,4,209,1,838,4,804,20,15,194,2,24,126,886
720407,8,236,1,1108,4,1067,23,17,221,5,33,176,1135
720408,10,221,3,964,3,917,21,21,206,3,32,169,1004
720409,6,300,1,905,4,853,24,15,274,4,38,211,941
720410,4,116,1,580,1,577,5,7,119,3,5,70,611
720411,3,140,0,520,2,491,16,9,126,3,19,98,536
720451,10,245,3,607,2,575,25,23,245,2,25,217,631
720452,11,353,3,1055,3,1019,30,19,366,4,52,293,1091
720453,6,252,0,645,2,621,16,13,244,6,17,189,678
720454,9,385,5,833,1,807,26,20,391,2,35,251,924
720455,4,161,1,405,3,392,15,7,156,3,15,122,429
720456,5,216,3,646,2,602,21,24,202,4,27,179,654
720457,0,33,0,61,0,58,1,3,34,0,2,23,65
720458,14,397,3,1145,3,1101,31,21,374,12,35,290,1195
720459,6,150,0,491,0,467,20,14,149,1,21,114,512
720460,4,165,2,672,1,646,17,12,161,3,29,142,682
720461,6,247,2,607,0,571,28,14,239,1,38,191,637
720462,11,376,1,995,4,943,32,20,365,3,46,299,1023
720463,0,220,1,584,2,552,16,12,205,0,27,164,595
720464,12,325,2,1166,1,1109,26,29,315,4,34,253,1182
720465,15,512,1,843,6,818,28,26,520,6,32,420,902
720466,4,268,1,773,4,736,17,16,255,4,23,199,792
720467,8,180,0,462,1,446,13,5,176,4,14,126,499
720468,10,399,1,949,3,903,26,24,381,11,34,276,1018
720469,3,76,2,253,0,246,9,8,79,2,14,64,258
720470,6,401,1,813,0,787,15,13,399,3,21,258,886
720471,1,138,1,446,1,437,3,5,139,0,8,90,473
720472,2,149,1,416,1,394,8,6,142,2,17,104,435
720473,6,208,1,587,2,559,15,9,210,3,33,177,602
720474,6,363,2,909,4,872,19,17,348,4,28,269,951
720475,11,467,3,1210,3,1160,33,26,459,7,40,354,1276
720476,2,137,0,514,0,487,9,8,127,1,14,80,544
720501,6,164,3,798,3,745,12,11,137,2,27,130,796
720502,20,318,3,1255,1,1158,30,34,286,6,48,222,1280
720503,7,200,3,759,4,703,12,23,176,3,22,143,771
720504,7,245,0,913,2,865,23,20,226,3,24,146,924
720551,3,90,1,227,0,212,2,3,86,1,8,65,220
720552,8,118,1,508,1,460,9,10,96,1,15,84,498
720553,7,65,1,249,1,228,8,12,62,2,9,39,266
720700,8,312,4,1029,3,1006,24,20,313,5,32,197,1124
720701,13,415,3,1125,2,1070,17,15,400,7,32,267,1194
720702,5,251,1,592,1,573,19,16,250,4,22,164,653
720703,12,400,1,1226,6,1180,27,17,389,7,42,250,1327
720704,17,414,3,1627,4,1557,34,23,398,6,55,271,1698
720705,15,309,2,815,3,760,25,30,297,4,30,247,849
720706,11,439,2,1397,5,1293,38,33,393,5,57,352,1419
720707,7,246,0,696,2,654,9,14,234,4,19,168,718
720708,9,221,0,808,1,759,11,19,207,4,24,177,817
720709,4,275,1,848,1,811,19,15,280,4,40,179,907
720710,2,58,2,354,1,338,6,5,46,0,5,36,361
720750,11,246,4,856,0,821,23,13,253,2,33,212,869
720751,11,291,1,978,3,947,33,17,283,6,31,203,1027
720752,8,251,4,967,4,927,21,17,243,3,34,189,1000
720753,9,217,2,598,3,556,16,21,203,7,23,187,612
720754,13,325,3,1029,5,963,24,39,317,5,41,251,1076
720755,15,456,2,1476,2,1380,50,25,421,5,76,356,1524
720756,2,32,0,100,0,89,4,2,25,0,4,27,99
720757,13,448,3,1477,4,1369,34,28,401,12,66,345,1504
720758,2,155,2,543,1,506,15,11,139,3,27,106,574
720759,8,283,0,834,3,785,23,22,255,8,28,214,872
720760,12,276,5,902,3,841,22,25,265,6,45,217,927
720801,8,166,1,579,1,547,21,11,145,3,22,113,594
720802,4,127,1,424,1,401,5,10,126,1,11,92,426
720851,6,225,1,554,2,531,18,8,218,4,28,154,587
720852,7,221,0,366,6,333,20,11,204,1,28,166,380
720853,5,164,3,550,2,512,13,14,151,1,26,115,569
720854,9,300,0,1082,4,1021,17,19,278,5,34,189,1130
720855,13,243,3,1055,7,1001,22,31,235,2,34,172,1083
720856,15,352,5,1206,3,1139,27,26,330,6,40,221,1258
720857,8,232,1,639,4,599,22,10,213,5,31,157,656
720858,6,102,2,424,1,399,13,10,91,3,16,85,423
720880,6,192,1,970,5,911,8,18,178,2,30,133,977
720881,13,140,0,569,2,530,16,10,122,4,17,92,587
720900,5,205,3,1180,2,1112,24,14,171,3,40,167,1172
729999,455,44743,122,26759,210,26868,1153,711,45406,167,1088,25536,38653
730101,9,213,2,609,3,562,11,29,214,4,23,176,610
730102,7,219,2,780,1,728,12,20,199,4,24,161,798
730103,13,747,2,1557,3,1507,35,27,754,10,62,582,1649
730104,0,0,0,0,0,0,0,0,0,0,0,0,0
730105,0,1,0,9,0,9,0,0,1,0,0,1,9
730106,13,758,3,1527,9,1461,52,40,747,12,68,559,1650
730107,14,518,1,1399,4,1341,31,22,509,3,51,346,1460
730108,7,268,3,868,0,839,16,24,266,3,17,165,915
730109,13,264,1,1192,1,1161,11,26,272,2,15,179,1234
730201,8,345,1,1161,2,1090,13,18,321,5,34,254,1180
730202,9,293,2,1298,1,1231,24,26,266,4,38,195,1335
730203,20,406,5,1154,3,1064,20,25,368,9,38,303,1189
730204,11,259,1,704,2,653,9,14,242,0,19,183,726
730205,1,28,0,118,0,110,2,1,24,0,2,19,117
730206,1,8,0,43,0,40,0,1,7,0,0,3,44
730207,6,224,1,245,3,223,7,7,216,1,9,168,264
730208,18,541,5,1453,5,1329,35,44,479,8,46,366,1511
730209,2,116,1,316,0,309,3,1,116,1,8,76,340
730210,14,277,2,948,4,891,25,19,253,2,28,208,965
730301,7,471,4,1219,2,1184,21,22,463,2,32,325,1310
730302,10,451,1,1433,2,1389,19,17,440,2,30,273,1508
730303,8,230,1,669,3,644,24,9,222,1,26,169,703
730304,10,398,2,954,1,892,31,20,375,4,40,289,994
730305,0,34,0,102,1,94,3,1,31,0,6,24,104
730306,15,465,1,1558,3,1473,25,25,438,5,44,304,1610
730307,7,249,0,1113,2,1063,12,22,234,2,21,170,1136
730308,6,241,2,900,1,848,14,12,217,3,26,175,911
730309,8,345,0,1031,5,973,29,30,319,4,33,269,1065
730310,3,88,1,415,1,395,4,7,85,0,15,65,418
730311,0,67,0,255,0,252,1,2,69,0,3,40,264
730312,5,208,2,831,2,818,12,13,203,4,13,140,874
730313,1,119,0,304,0,290,2,6,114,1,5,85,302
740011,8,303,3,695,1,684,21,11,299,6,16,175,771
740012,4,90,1,226,0,219,6,7,89,3,7,73,242
740013,7,255,3,737,7,694,14,25,251,1,31,199,765
740015,14,336,1,932,3,893,34,27,328,4,31,237,1004
740022,6,689,4,1731,3,1737,56,16,704,7,62,399,1955
740027,2,146,3,365,0,357,6,3,142,2,10,100,388
740028,14,684,3,1794,5,1735,47,45,694,7,62,475,1924
740031,16,701,4,1165,6,1109,43,41,708,8,57,512,1263
740033,7,228,1,413,3,381,21,18,226,3,31,196,419
740046,5,171,0,395,2,369,12,14,162,5,14,151,399
740048,8,244,3,579,1,559,27,18,244,5,26,207,610
740051,12,332,3,964,4,929,16,17,321,6,27,194,1056
740054,8,466,4,1174,6,1130,41,37,458,10,45,319,1271
740062,9,262,4,1061,2,1010,16,21,251,7,38,215,1075
740071,3,126,0,812,4,777,9,12,117,2,17,101,819
740073,3,80,1,488,0,474,5,4,76,2,10,56,494
740074,2,67,0,400,0,394,9,4,70,0,9,48,414
740075,4,130,0,619,2,592,15,13,124,3,17,97,636
740076,3,91,1,423,1,404,9,12,91,1,16,72,427
740077,4,164,0,735,1,680,12,16,134,2,19,104,743
740078,3,160,1,605,4,565,10,15,144,3,22,119,614
740079,6,132,2,613,2,568,8,16,114,3,17,108,606
740711,0,41,0,150,1,157,8,1,43,0,5,14,177
750003,0,26,1,133,0,130,2,1,23,0,3,14,141
750004,10,168,2,728,1,691,9,12,156,0,20,113,744
750007,0,32,0,339,1,328,5,2,28,0,9,31,330
750009,0,19,0,234,0,228,2,3,16,0,3,20,223
750012,2,45,0,248,1,236,7,7,35,2,4,29,255
750014,1,74,0,540,1,514,5,5,60,0,8,44,545
750016,2,74,2,468,1,440,10,10,64,5,21,63,470
750017,2,28,0,209,1,200,5,2,24,0,5,33,200
750018,1,41,0,245,0,239,3,7,39,4,3,28,249
750019,2,60,0,393,1,368,4,6,42,3,7,36,393
750020,1,39,1,207,1,196,1,1,33,0,6,20,215
750030,3,96,3,342,3,317,6,5,78,0,9,56,352
760001,5,207,1,800,4,759,30,18,186,3,35,149,842
760002,5,84,0,526,0,515,9,8,82,2,8,53,545
760003,2,102,0,307,1,293,6,3,93,0,7,48,331
760004,1,28,1,150,1,145,2,3,27,1,3,18,158
760005,6,221,4,985,3,922,17,15,182,3,27,139,1014
760008,1,25,0,225,1,217,2,3,21,3,4,16,234
770101,5,115,2,582,2,561,9,21,123,1,17,115,582
770102,2,81,0,350,0,340,12,4,76,1,10,68,352
770104,0,0,0,4,0,4,0,0,0,0,0,0,4
770105,4,91,0,828,1,784,17,14,67,0,18,56,828
770106,0,6,0,104,0,104,1,0,5,0,0,5,103
770201,9,168,2,774,2,734,15,5,150,3,25,134,778
770202,9,252,1,1081,4,1034,34,22,237,4,38,172,1144
770203,0,48,1,482,2,466,4,8,41,0,7,32,478
770204,1,21,1,218,0,208,6,5,21,0,11,20,219
770301,4,42,1,214,0,205,2,1,38,2,5,29,217
770302,2,39,0,291,1,276,4,4,31,2,8,28,290
770303,0,0,0,2,0,2,0,0,0,0,0,0,2
770304,2,32,0,208,1,192,5,5,25,0,8,25,209
770306,10,190,4,1346,2,1291,16,15,173,3,36,138,1366
770307,3,20,0,127,1,118,0,2,18,0,2,19,124
